menu_index,Basic_ID,Basic_Name,Basic_Weight_g,Basic_Price_TWD,Label_Cal_kcal,Label_CalNoSa_kcal,Label_Carbohydrate_g,Label_Protein_g,Label_Fat_g,Label_Sugar_g,Label_DietFiber_g,Label_Water_g,Label_Coffeine,Compound_MonoSa_g,Compound_DiSa_g,Compound_PolySa_g,Compound_SaFat_g,Compound_MonounUnsaFat_g,Compound_PolyUnsaFat_g,Compound_TransFat_g,Compound_Cholesterol_mg,Vitamin_A_μg,Vitamin_D_μg,Vitamin_E_μg,Vitamin_K_μg,Vitamin_B1_mg,Vitamin_B2_mg,Vitamin_B6_μg,Vitamin_B12_μg,Vitamin_C_mg,Vitamin_B3_μg,Vitamin_B9_μg,Vitamin_Choline_μg,Vitamin_B7_μg,Vitamin_B5_μg,Element_Na_mg,Element_Ca_mg,Element_P_mg,Element_Mg_mg,Element_Fe_mg,Element_Zi_mg,Element_I_mg,Element_Se_mg,Element_F_mg
1,0001EAAAXE1F0001,漢堡,,,260,,31,13,9,,,,,,,,3,3,1,,25,19,,,,0.1,0.3,,,1,,,,,,450,44,,,1,,,,
2,0001EAAAXE1F0002,吉事漢堡,,,310,,32,16,13,,,,,,,,6,4,1,,40,63,,,,0.1,0.4,,,1,,,,,,710,123,,,1,,,,
3,0001EAAAXE1F0003,雙層牛肉吉事堡,,,450,,32,27,24,,,,,,,,11,8,1.5,,80,106,,,,0.1,0.6,,,1,,,,,,1050,213,,,2,,,,
4,0001EAAAXE1F0004,四盎司牛肉堡,,,540,,32,32,32,,,,,,,,16,3,9,,40,112,,,,0.1,0.4,,,1,,,,,,1130,199,,,3,,,,
5,0001EAAAXE1F0005,雙層四盎司牛肉堡,,,800,,35,53,49,,,,,,,,26,3.5,17,,60,112,,,,0.1,0.4,,,1,,,,,,1290,209,,,5,,,,
6,0001EAAAXEAH0006,麥克雙牛堡,,,410,,32,24,20,,,,,,,,8,7,1,,65,62,,,,0.1,0.5,,,1,,,,,,780,134,,,2,,,,
7,0001EAAAXE2H0007,板烤鷄腿堡,,,300,,46,24,2,,,,,,,,1,0.5,0,,65,72,,,,0,0.5,,,0,,,,,,1060,16,,,2,,,,
8,0001EAAAXEAH0008,大麥克,,,530,,45,27,26,,,,,,,,10,8,4.5,,70,56,,,,0.1,0.6,,,0,,,,,,890,153,,,2,,,,
9,0001EAAAXE2K0009,勁辣鷄腿堡,,,560,,45,27,30,,,,,,,,11,7,7,,85,6,,,,0.1,0.6,,,0,,,,,,1170,63,,,1,,,,
10,0001EAAAXE1F0010,麥香鷄,,,380,,42,14,17,,,,,,,,5,6,6,,40,6,,,,0.1,0.4,,,0,,,,,,780,47,,,1,,,,
11,0001EAAAXE1F0011,麥香魚,,,320,,35,15,14,,,,,,,,4.5,4,4,,30,28,,,,0.1,0.3,,,0,,,,,,600,82,,,0,,,,
12,0001EAAAXE2H0012,1955 美式培根牛肉堡,,,586,,41,29,34,10,,,,,,,13.3,,,1.1,,,,,,,,,,,,,,,,800,,,,,,,,
13,0001EAAAXE2H0013,青蔬烤鷄堡,,,248,,28,17,8,,,,,,,,2.1,,,0,,,,,,,,,,,,,,,,370,,,,,,,,
14,0001EAAAXE1C0014,陽光鱈魚堡,,,252,,37,12,6,,,,,,,,2.7,,,0,,,,,,,,,,,,,,,,370,,,,,,,,
15,0001EAAAXE1F0015,麥克鷄塊（4塊）,,,230,,12,14,14,,,,,,,,5,5,2,,50,0,,,,0,0.2,,,0,,,,,,350,31,,,1,,,,
16,0001EAAAXE1F0016,麥克鷄塊（6塊）,,,350,,17,22,22,,,,,,,,7,8,3,,75,0,,,,0,0.3,,,0,,,,,,530,47,,,1,,,,
17,0001EAAAXE1F0017,麥克鷄塊（9塊）,,,530,,26,32,32,,,,,,,,11,12,4,,110,0,,,,0.1,0.5,,,0,,,,,,790,70,,,2,,,,
18,0001EAAAXE1F0018,麥克鷄塊（20塊）,,,1170,,58,72,72,,,,,,,,24,27,9,,245,0,,,,0.1,1.1,,,0,,,,,,1750,156,,,4,,,,
19,0001EAAAXE1F0019,麥脆鷄（原味鷄翅）,,,220,,13,17,12,,,,,,,,4.5,5,2.5,,40,0,,,,0.1,0.2,,,0,,,,,,470,58,,,1,,,,
20,0001EAAAXE1F0020,麥脆鷄（原味鷄排）,,,330,,16,28,17,,,,,,,,3.5,4.5,1.5,,85,0,,,,0.2,0.3,,,0,,,,,,740,32,,,2,,,,
21,0001EAAAXE1F0021,麥脆鷄（原味鷄腿）,,,180,,8,16,10,,,,,,,,3,3,0,,35,0,,,,0.1,0.1,,,0,,,,,,390,198,,,1,,,,
22,0001EAAAXE2K0022,麥脆鷄（辣味鷄翅）,,,200,,13,18,9,,,,,,,,5,5,2,,40,0,,,,0.1,0.2,,,0,,,,,,500,19,,,1,,,,
23,0001EAAAXE2K0023,麥脆鷄（辣味鷄排）,,,340,,17,28,18,,,,,,,,6,7,2.5,,85,0,,,,0.2,0.3,,,0,,,,,,870,118,,,2,,,,
24,0001EAAAXE2K0024,麥脆鷄（辣味鷄腿）,,,180,,12,16,7,,,,,,,,3,3.5,1.5,,45,0,,,,0.1,0.2,,,0,,,,,,340,82,,,1,,,,
25,0001EAAAXE2H0025,牛肉趣飯捲,,,460,,70,16,14,,,,,,,,5,3.5,1,,30,0,,,,0,0,,,0,,,,,,1110,52,,,2,,,,
26,0001EAAAXE2H0026,鷄肉趣飯捲,,,470,,63,15,18,,,,,,,,6,4.5,4,,35,3,,,,0,0,,,0,,,,,,1150,52,,,1,,,,
27,0001EABEkE2H0027,滿福堡,,,280,,28,17,11,,,,,,,,5,4,2,,195,77,,,,0.2,0.5,,,31,,,,,,730,190,,,2,,,,
28,0001EABEkE2H0028,豬肉滿福堡,,,330,,28,16,17,,,,,,,,7,6,2,,40,44,,,,0.2,0.4,,,0,,,,,,790,167,,,1,,,,
29,0001EABEkE2H0029,豬肉滿福堡加蛋,,,400,,28,23,22,,,,,,,,9,8,3,,220,77,,,,0.2,0.6,,,0,,,,,,850,195,,,2,,,,
30,0001EABEkE2H0030,無敵豬肉滿福堡加蛋,,,521,,27.7,31.2,31.9,,,,,,,,12.7,,,0,,,,,,,,,,,,,,,,1050,,,,,,,,
31,0001EABEkE2H0031,滿福鮮蔬堡,,,310,,29,20,13,,,,,,,,4.5,5,3,,365,66,,,,0.2,0.7,,,31,,,,,,540,20,,,3,,,,
32,0001EABEkE2H0032,鮮蔬火腿蛋堡,,,360,,33,21,16,,,,,,,,6,6,5,,365,68,,,,0.2,0.8,,,31,,,,,,680,89,,,2,,,,
33,0001EABEkE2H0033,火腿蛋堡,,,310,,32,16,13,,,,,,,,4.5,4,4.5,,195,65,,,,0.2,0.5,,,32,,,,,,740,98,,,1,,,,
34,0001EABEkE2H0034,吉事蛋堡,,,280,,30,12.4,13,6,,,,,,,4.1,,,0,,,,,,,,,,,,,,,,460,,,,,,,,
35,0001EABEkE2H0035,哈姆吉事堡,,,280,,29,13,12,,,,,,,,5,1,1,,20,22,,,,0,0,,,0,,,,,,820,70,,,0,,,,
36,0001EABEkE2H0036,滿福香鷄堡,,,370,,39,13,17,,,,,,,,5,5,6,,40,6,,,,0,0,,,0,,,,,,760,96,,,1,,,,
37,0001EABEkE2H0037,滿福香鷄堡加蛋,,,436,,37,20.6,23,2,,,,,,,7.2,,,0,,,,,,,,,,,,,,,,940,,,,,,,,
38,0001EABEkE2H0038,嫩蛋香鷄Q吐司,,,332,,33,14.5,16,3,,,,,,,5.4,,,0,,,,,,,,,,,,,,,,590,,,,,,,,
39,0001EABEkE2H0039,嫩蛋哈姆Q吐司,,,340,,29,15,18,4,,,,,,,3.8,,,0,,,,,,,,,,,,,,,,440,,,,,,,,
40,0001EABEkE2H0040,嫩蛋火腿Q吐司,,,272,,28,11.6,12,3,,,,,,,3.8,,,0,,,,,,,,,,,,,,,,470,,,,,,,,
41,0001EABEkE1C0041,鬆餅（2片）,,,200,,38,6,3,,,,,,,,0.5,1,1.5,,5,32,,,,0.3,0.3,,,1,,,,,,430,43,,,2,,,,
42,0001EABEkE1C0042,鬆餅（3片）,,,310,,56,8,5,,,,,,,,1,1,2.5,,10,49,,,,0.5,0.4,,,2,,,,,,640,95,,,3,,,,
43,0001EABEkE2H0043,豬肉鬆餅,,,440,,57,17,16,,,,,,,,4.5,6,3.5,,40,49,,,,0.6,0.6,,,2,,,,,,920,103,,,3,,,,
44,0001EABEkE2H0044,經典大早餐,,,590,,43,29,33,,,,,,,,13,9,2.5,,430,214,,,,0.6,0.9,,,3,,,,,,1000,156,,,2,,,,
45,0001EABEkE2H0045,好時光大早餐,,,599,,74,33,35,8,,,,,,,8.6,,,0,,,,,,,,,,,,,,,,1210,,,,,,,,
46,0001EABEkE2H0046,好精彩大早餐,,,464,,48,32.3,31,,,,,,,,8,,,0,,,,,,,,,,,,,,,,740,,,,,,,,
47,0001EAIAXE2H0047,小薯,,,240,,29,3,12,,,,,,,,5,5,1,,0,1,,,,0.1,0,,,5,,,,,,110,12,,,1,,,,
48,0001EAIAXE2H0048,中薯,,,330,,41,4,17,,,,,,,,7,6,1.5,,0,1,,,,0.2,0,,,7,,,,,,160,17,,,1,,,,
49,0001EAIAXE2H0049,大薯,,,470,,57,6,24,,,,,,,,10,9,2.5,,0,1,,,,0.3,0,,,10,,,,,,220,24,,,1,,,,
50,0001EAIAXE1C0050,薯餅,,,160,,14,1,10,,,,,,,,5,4,1,,0,16,,,,0.3,0,,,3,,,,,,32,11,,,0,,,,
51,0001EAIAXE2K0051,勁辣香鷄翅（二塊）,,,240,,9,12,17,,,,,,,,7,0,0,,0,0,,,,0,0,,,0,,,,,,590,0,,,0,,,,
52,0001EAIAXC1C0052,四季沙拉（小）,,,20,,4,1,0,,,,,,,,0,0,0,,0.02,0,,,,0,0,,,10,,,,,,30,10,,,0,,,,
53,0001EAIAXC1C0053,四季沙拉（大）,,,20,,5,1,0,,,,,,,,0,0,0,,0.02,0,,,,0,0,,,10,,,,,,40,14,,,0,,,,
54,0001EAIAXD1C0054,聖代（草莓）,,,260,,48,5,6,,,,,,,,4,1.5,0,,5,23,,,,0.2,0.4,,,3,,,,,,105,194,,,0,,,,
55,0001EAIAXD1C0055,聖代（巧克力）,,,300,,49,6,9,,,,,,,,6,2,0,,5,9,,,,0.2,0.5,,,0,,,,,,170,236,,,1,,,,
56,0001EAIAXD1C0056,聖代（芝麻）,,,305,,37,6,15,,,,,,,,,,,,,,,,,,,,,,,,,,,110,,,,,,,,
57,0001EAIAXD1C0057,巧克力奶昔,,,380,,66,10,9,,,,,,,,5,2.5,0.5,,5,28,,,,2.6,0.9,,,2,,,,,,210,377,,,1,,,,
58,0001EAIAXD1C0058,奶昔（草莓）,,,380,,67,10,9,,,,,,,,5,2.5,0.5,,5,20,,,,0.4,0.9,,,3,,,,,,220,380,,,0,,,,
59,0001EAIAXD1C0059,奶昔（香草）,,,380,,66,9,9,,,,,,,,5,2.5,0.5,,5,28,,,,2,0.9,,,1,,,,,,180,375,,,0,,,,
60,0001EAIAXD1C0060,冰旋風（OREO）,,,330,,51,6,12,,,,,,,,6,4,1,,5,1,,,,0.2,0.4,,,0,,,,,,240,200,,,1,,,,
61,0001EAIAXD1C0061,冰旋風（法式焦糖脆片）,,,290,,50,7,7,,,,,,,,4.5,2,0.5,,5,0,,,,0.2,0.5,,,0,,,,,,140,234,,,0,,,,
62,0001EAIAXD1C0062,冰旋風（芝麻）,,,372,,48,7,17,,,,,,,,,,,,,,,,,,,,,,,,,,,140,,,,,,,,
63,0001EAIAXD1C0063,蛋捲冰淇淋,,,140,,23,3,3.5,,,,,,,,2.5,1,0,,5,0,,,,0.1,0.3,,,0,,,,,,70,117,,,0,,,,
64,0001EAIAXE1C0064,蘋果派,,,230,,30,2,12,,,,,,,,5,3.5,2,,0,9,,,,0,0,,,8,,,,,,150,10,,,1,,,,
65,0001EAIAXH1C0065,四季水果袋（蘋果切片）,,,30,,8,0,0,,,,,,,,0,0,0,,0,0,,,,0,0,,,0,,,,,,20,2,,,0,,,,
66,0001EAIAXH1C0066,四季水果袋（洋香瓜切片）,,,23,,5,1,0,5,,,,,,,0,,0,,,,,,,,,,,,,,,,,10,,,,,,,,
67,0001EAIAXH1C0067,玉米杯,,,75,,15,2,1,5,,,,,,,0.2,,0,,,,,,,,,,,,,,,,,140,,,,,,,,
68,0001EASAXJ1C0068,可口可樂（輕鬆杯）,,,120,,29,0,0,,,,,,,,0,0,0,,0,0,,,,0,0,,,0,,,,,,10,0,,,0,,,,
69,0001EASAXJ1C0069,可口可樂（小杯）,,,160,,39,0,0,,,,,,,,0,0,0,,0,0,,,,0,0,,,0,,,,,,10,0,,,0,,,,
70,0001EASAXJ1C0070,可口可樂（中杯）,,,210,,52,0,0,,,,,,,,0,0,0,,0,0,,,,0,0,,,0,,,,,,15,0,,,0,,,,
71,0001EASAXJ1C0071,可口可樂（大杯）,,,310,,78,0,0,,,,,,,,0,0,0,,0,0,,,,0,0,,,0,,,,,,20,0,,,0,,,,
72,0001EASAXJ1C0072,可口可樂ZERO（輕鬆杯）,,,0,,0,0,0,,,,,,,,0,0,0,,0,0,,,,0,0,,,0,,,,,,30,0,,,0,,,,
73,0001EASAXJ1C0073,可口可樂ZERO（小杯）,,,0,,0,0,0,,,,,,,,0,0,0,,0,0,,,,0,0,,,0,,,,,,45,0,,,0,,,,
74,0001EASAXJ1C0074,可口可樂ZERO（中杯）,,,0,,0,0,0,,,,,,,,0,0,0,,0,0,,,,0,0,,,0,,,,,,55,0,,,0,,,,
75,0001EASAXJ1C0075,可口可樂ZERO（大杯）,,,0,,0,0,0,,,,,,,,0,0,0,,0,0,,,,0,0,,,0,,,,,,85,0,,,0,,,,
76,0001EASAXJ1C0076,雪碧（輕鬆杯）,,,120,,29,0,0,,,,,,,,0,0,0,,0,0,,,,0,0,,,0,,,,,,25,0,,,0,,,,
77,0001EASAXJ1C0077,雪碧（小杯）,,,160,,39,0,0,,,,,,,,0,0,0,,0,0,,,,0,0,,,0,,,,,,35,0,,,0,,,,
78,0001EASAXJ1C0078,雪碧（中杯）,,,210,,52,0,0,,,,,,,,0,0,0,,0,0,,,,0,0,,,0,,,,,,45,0,,,0,,,,
79,0001EASAXJ1C0079,雪碧（大杯）,,,310,,78,0,0,,,,,,,,0,0,0,,0,0,,,,0,0,,,0,,,,,,70,0,,,0,,,,
80,0001EASAXJ2A0080,雀巢茶品檸檬茶（輕鬆杯）,,,90,,21,0,0,,,,,,,,0,0,0,,0,0,,,,0,0,,,0,,,,,,15,0,,,0,,,,
81,0001EASAXJ2A0081,雀巢茶品檸檬茶（小杯）,,,110,,28,0,0,,,,,,,,0,0,0,,0,0,,,,0,0,,,0,,,,,,20,0,,,0,,,,
82,0001EASAXJ2A0082,雀巢茶品檸檬茶（中杯）,,,150,,38,0,0,,,,,,,,0,0,0,,0,0,,,,0,0,,,0,,,,,,25,0,,,0,,,,
83,0001EASAXJ2A0083,雀巢茶品檸檬茶（大杯）,,,230,,57,0,0,,,,,,,,0,0,0,,0,0,,,,0,0,,,0,,,,,,35,0,,,0,,,,
84,0001EASAXJ0A0084,爽健美茶（輕鬆杯）,,,0,,0,0,0,,,,A,,,,0,0,0,,0,0,,,,0,0,,,0,,,,,,10,0,,,0,,,,
85,0001EASAXJ0A0085,爽健美茶（小杯）,,,0,,1,0,0,,,,A,,,,0,0,0,,0,0,,,,0,0,,,0,,,,,,10,0,,,0,,,,
86,0001EASAXJ0A0086,爽健美茶（中杯）,,,5,,1,0,0,,,,A,,,,0,0,0,,0,0,,,,0,0,,,0,,,,,,15,0,,,0,,,,
87,0001EASAXJ0A0087,爽健美茶（大杯）,,,5,,1,0,0,,,,A,,,,0,0,0,,0,0,,,,0,0,,,0,,,,,,25,0,,,0,,,,
88,0001EASAXJ2A0088,冰紅茶（檸檬風味）小杯,,,117,,29,0,0,29,,,,,,,,,,,,,,,,,,,,,,,,,,20,,,,,,,,
89,0001EASAXJ2A0089,冰紅茶（檸檬風味）中杯,,,156,,38,0,0,38,,,,,,,,,,,,,,,,,,,,,,,,,,20,,,,,,,,
90,0001EASAXJ2A0090,冰紅茶（檸檬風味）大杯,,,163,,40,0,0,40,,,,,,,,,,,,,,,,,,,,,,,,,,40,,,,,,,,
91,0001EASAXJ0A0091,冰綠茶（無糖）小杯,,,0,,1,0,0,0,,,,,,,,,,,,,,,,,,,,,,,,,,10,,,,,,,,
92,0001EASAXJ0A0092,冰綠茶（無糖）中杯,,,0,,1,0,0,0,,,,,,,,,,,,,,,,,,,,,,,,,,10,,,,,,,,
93,0001EASAXJ0A0093,冰綠茶（無糖）大杯,,,6,,1,0,0,0,,,,,,,,,,,,,,,,,,,,,,,,,,20,,,,,,,,
94,0001EASAXD2F0094,冰那堤（中杯）,,,120,,10,6,6,,,,B,,,,4,1.5,0,,0,12,,,,0.2,0.4,,,0,,,,,,30,71,,,0,,,,
95,0001EASAXD2F0095,冰那堤（大杯）,,,170,,15,8,9,,,,B,,,,6,2.5,0.5,,0,17,,,,0.3,0.5,,,0,,,,,,40,105,,,0,,,,
96,0001EASAXJ2F0096,經典冰咖啡,,,8,,1,0.6,0,7,,,B,,,,0,0,0,,0,0,,,,0,0,,,0,,,,,,0,0,,,0,,,,
97,0001EASAXJ1C0097,焦糖冰奶茶,,,170,,29,2,4.5,,,,,,,,4,0,0.4,,5,0,,,,0,0,,,0,,,,,,45,61,,,0,,,,
98,0001EASAXJ2A0098,柳橙汁（小兒童杯）,,,80,,19,1,0,,,,,,,,0,0,0,,0,2,,,,0,0,,,83,,,,,,0,16,,,0,,,,
99,0001EASAXJ2A0099,柳橙汁（小杯）,,,140,,33,1,0,,,,,,,,0,0,0,,0,3,,,,0,0,,,144,,,,,,0,27,,,0,,,,
100,0001EASAXJ2A0100,柳橙汁（大杯）,,,180,,44,1,0,,,,,,,,0,0,0,,0,4,,,,0,0,,,191,,,,,,0,36,,,0,,,,
101,0001EASAXJ1C0101,高鈣鮮乳,,,147,,9.4,7.1,9,,,,,,,,6,2,0,,30,14,,,,0.1,0.4,,,0,,,,,,94,283,,,0,,,,
102,0001EASAXE2H0102,玉米湯（小）,,,100,,18,2,2.5,,,,,,,,1,0,0,,0,0,,,,0,0,,,1,,,,,,630,1,,,0,,,,
103,0001EASAXE2H0103,玉米湯（大）,,,150,,27,3,3.5,,,,,,,,2,0,0,,0,0,,,,0,0.1,,,2,,,,,,940,1,,,0,,,,
104,0001EASAXE1C0104,熱巧克力,,,140,,22,1,5,,,,,,,,1,1.5,2,,0,0,,,,0,0,,,0,,,,,,180,24,,,0,,,,
105,0001EASAXE1C0105,熱紅茶,,,0,,0,0,0,,,,A,,,,0,0,0,,0,0,,,,0,0,,,0,,,,,,0,0,,,0,,,,
106,0001EASAXE1C0106,焦糖熱奶茶（小杯）,,,35,,3,1,2,,,,A,,,,2,0,0.2,,5,0,,,,0,0,,,0,,,,,,20,31,,,0,,,,
107,0001EASAXE1C0107,焦糖熱奶茶（中杯）,,,70,,5,2,4.5,,,,A,,,,4,0,0.4,,5,0,,,,0,0,,,0,,,,,,40,61,,,0,,,,
108,0001EASAXE2F0108,經典美式咖啡（小杯）,,,5,,1,1,0,,,,B,,,,0,0,0,,0,0,,,,0,0,,,0,,,,,,5,0,,,0,,,,
109,0001EASAXE2F0109,經典美式咖啡（中杯）,,,10,,1,1,0,,,,B,,,,0,0,0,,0,0,,,,0,0,,,0,,,,,,5,0,,,0,,,,
110,0001EASAXE2F0110,亞美利加諾（小杯）,,,5,,1,0,0,,,,B,,,,0,0,0,,0,0,,,,0,0,,,0,,,,,,10,0,,,0,,,,
111,0001EASAXE2F0111,亞美利加諾（中杯）,,,10,,2,1,0,,,,B,,,,0,0,0,,0,0,,,,0,0,,,0,,,,,,20,0,,,0,,,,
112,0001EASAXE2F0112,卡布其諾（小杯）,,,100,,9,5,5,,,,A,,,,3.5,1.5,0,,0,10,,,,0.2,0.3,,,0,,,,,,20,61,,,0,,,,
113,0001EASAXE2F0113,卡布其諾（中杯）,,,140,,12,7,7,,,,B,,,,5,2,0,,0,14,,,,0.2,0.4,,,0,,,,,,30,84,,,0,,,,
114,0001EASAXE2F0114,那堤（小杯）,,,120,,10,6,6,,,,A,,,,4,2,0,,0,12,,,,0.2,0.4,,,0,,,,,,25,73,,,0,,,,
115,0001EASAXE2F0115,那堤（中杯）,,,160,,14,8,8,,,,B,,,,5,2.5,0,,0,16,,,,0.3,0.5,,,0,,,,,,30,96,,,0,,,,
116,0001EAIAXB1C0116,蕃茄醬,,,10,,3,0,0,,,,,,,,0,0,0,,0,19,,,,0,0,,,1,,,,,,100,1,,,0,,,,
117,0001EAIAXB2A0117,鬆餅乳酪,,,35,,0,0,4,,,,,,,,3,0,0,,10,45,,,,0,0,,,0,,,,,,35,0,,,0,,,,
118,0001EAIAXB2A0118,醣醋醬,,,50,,11,0,0,,,,,,,,0,0,0,,0,14,,,,0.1,0,,,0,,,,,,160,2,,,0,,,,
119,0001EAIAXB2A0119,草莓果醬,,,40,,10,0,0,,,,,,,,0,0,0,,0,0,,,,0,0,,,0,,,,,,0,0,,,0,,,,
120,0001EAIAXB1C0120,鬆餅糖漿,,,130,,33,0,0,,,,,,,,0,0,0,,0,44,,,,0,0,,,0,,,,,,15,0,,,0,,,,
121,0001EAIAXB1C0121,奶精,,,25,,0,0,3.5,,,,,,,,2,0.5,0,,0,0,,,,0,0,,,0,,,,,,15,2,,,0,,,,
122,0001EAIAXB1C0122,千島醬,,,100,,3,0,10,,,,,,,,1,0,0,,0,0,,,,0,0,,,0,,,,,,125,0,,,0,,,,
123,0001EAIAXB2H0123,和風醬,,,25,,3,0,1.5,,,,,,,,0,0,0,,0,0,,,,0,0,,,0,,,,,,210,0,,,0,,,,
124,0001EAIAXB2A0124,百香果醬,,,20,,5,0,0,,,,,,,,0,0,0,,0,0,,,,0,0,,,0,,,,,,10,0,,,0,,,,
125,0001EABEkG0A0125,超值早餐,,,,,,,,,,,,,,,,,,,,,,,,,,,,,,,,,,,,,,,,,,
126,0001EABEkG0A0126,有氧早餐,,,,,,,,,,,,,,,,,,,,,,,,,,,,,,,,,,,,,,,,,,
127,0002EAJHXB1F0001,薄皮嫩雞(棒腿),,,167,,7.2,14.6,8.9,,,,,,,,,,,,,,,,,,,,,,,,,,,429,,,,,,,,
128,0002EAJHXB1F0002,卡拉脆雞(棒腿),,,236,,11.5,15.7,14.1,,,,,,,,,,,,,,,,,,,,,,,,,,,492,,,,,,,,
129,0002EAJHXB2G0003,煙燻蜜汁烤雞腿,,,177,,1.6,22.1,9,,,,,,,,,,,,,,,,,,,,,,,,,,,791.3,,,,,,,,
130,0002EAJHXB1F0004,黃金塔塔魚排堡,,,451.2,,50.6,15,20.9,,,,,,,,,,,,,,,,,,,,,,,,,,,1214.5,,,,,,,,
131,0002EAJHXB1F0005,巴黎卡菲豬排堡,,,481.6,,46.6,21.7,23,,,,,,,,,,,,,,,,,,,,,,,,,,,879,,,,,,,,
132,0002EAJHXB2K0006,卡拉雞腿堡,,,445,,50.7,25.8,15.2,,,,,,,,,,,,,,,,,,,,,,,,,,,1070,,,,,,,,
133,0002EAJHXB2C0007,紐奧良烤雞腿堡,,,411.2,,46.3,23.4,14.7,,,,,,,,,,,,,,,,,,,,,,,,,,,696.5,,,,,,,,
134,0002EAJHXB2H0008,玉米咕咕雞腿堡,,,376,,55,11.3,12.4,,,,,,,,,,,,,,,,,,,,,,,,,,,895,,,,,,,,
135,0002EAJHXB1F0009,上校雞塊(4塊),,,193,,9.1,15.6,10.3,,,,,,,,,,,,,,,,,,,,,,,,,,,447,,,,,,,,
136,0002EAJHXB2K0010,哈辣雞翅(1對),,,172,,5.2,11.5,11.7,,,,,,,,,,,,,,,,,,,,,,,,,,,676,,,,,,,,
137,0002EAJHXB1F0011,呼拉鮮蝦圈,,,140,,16,3.4,7,,,,,,,,,,,,,,,,,,,,,,,,,,,304.5,,,,,,,,
138,0002EAJHXB1F0012,烤翅(1對),,,93,,4.9,9.9,3.8,,,,,,,,,,,,,,,,,,,,,,,,,,,199,,,,,,,,
139,0002EAJHXB1C0013,原味蛋達,,,182,,17.3,2.6,11.4,,,,,,,,,,,,,,,,,,,,,,,,,,,109,,,,,,,,
140,0002EAJHXB1C0014,黑糖麻糬蛋達,,,220,,27.9,3.5,10.4,,,,,,,,,,,,,,,,,,,,,,,,,,,59.74,,,,,,,,
141,0002EAJHXB2K0015,勁辣雞米花,,,186,,17.5,13.7,6.8,,,,,,,,,,,,,,,,,,,,,,,,,,,578,,,,,,,,
142,0002EAJHXB1F0016,薯條(中),,,361,,53.6,4.2,14.5,,,,,,,,,,,,,,,,,,,,,,,,,,,184,,,,,,,,
143,0002EAJHXB1C0017,玉米,,,86,,14.7,3.1,1.7,,,,,,,,,,,,,,,,,,,,,,,,,,,6,,,,,,,,
144,0002EAJHXB2H0018,玉米濃湯,,,126,,16.7,5.9,4,,,,,,,,,,,,,,,,,,,,,,,,,,,582,,,,,,,,
145,0002EATHXG1C0019,經典奶茶12oz,,,160.7,,27.4,1,5.3,,,,B,,,,,,,,,,,,,,,,,,,,,,,32.2,,,,,,,,
146,0002EATHXG1C0020,經典奶茶16oz,,,216.8,,37,1.3,7.2,,,,C,,,,,,,,,,,,,,,,,,,,,,,43.4,,,,,,,,
147,0002EATHXG2F0021,卡布奇諾,,,87,,6.3,6.3,3.9,,,,B,,,,,,,,,,,,,,,,,,,,,,,60.6,,,,,,,,
148,0002EATHXG1D0022,經典咖啡8oz,,,5.1,,0.6,0.6,0,,,,B,,,,,,,,,,,,,,,,,,,,,,,1.5,,,,,,,,
149,0002EATHXG1D0023,經典咖啡12oz,,,9,,1.2,1.2,0,,,,B,,,,,,,,,,,,,,,,,,,,,,,2.7,,,,,,,,
150,0002EATHXC2F0024,冰拿鐵,,,120,,9.6,7.3,5.9,,,,B,,,,,,,,,,,,,,,,,,,,,,,74,,,,,,,,
151,0002EATHXA2F0025,熱拿鐵,,,87,,7.8,4.8,3.9,,,,B,,,,,,,,,,,,,,,,,,,,,,,51.6,,,,,,,,
152,0002EATHXC2A0026,檸檬紅茶(中),,,176,,43.8,0.12,0.08,,,,,,,,,,,,,,,,,,,,,,,,,,,11,,,,,,,,
153,0002EATHXC2A0027,熱黃金香柚茶,,,151.8,,37.3,0.3,0,,,,,,,,,,,,,,,,,,,,,,,,,,,60.4,,,,,,,,
154,0002EATHXC2A0028,寒天黃金柚綠茶,,,243,,59,1.8,0,,,,,,,,,,,,,,,,,,,,,,,,,,,125.1,,,,,,,,
155,0002EATHXC2A0029,柳橙汁杯裝,,,93.4,,22,1,0,,,,,,,,,,,,,,,,,,,,,,,,,,,8,,,,,,,,
156,0002EATHXC1C0030,百事可樂(中),,,195,,53,0,0,,,,,,,,,,,,,,,,,,,,,,,,,,,18,,,,,,,,
157,0002EATHXC1C0031,七喜(中),,,202,,54.2,0,0,,,,,,,,,,,,,,,,,,,,,,,,,,,68,,,,,,,,
158,0002EALHKC1C0032,林鳳營鮮乳,,,156,,13,7.1,9,,,,,,,,,,,,,,,,,,,,,,,,,,,118,,,,,,,,
159,0002EABHKB1F0033,培根蛋起司哈斯,,,294,,28,12.4,14.8,,,,,,,,,,,,,,,,,,,,,,,,,,,308.4,,,,,,,,
160,0002EABHKB1F0034,火腿蛋起司哈斯,,,277.6,,29.3,18.4,9.6,,,,,,,,,,,,,,,,,,,,,,,,,,,673.3,,,,,,,,
161,0002EABHKB1F0035,肉鬆蛋餅捲,,,235,,32.4,8.3,8,,,,,,,,,,,,,,,,,,,,,,,,,,,524,,,,,,,,
162,0002EABHKB1F0036,西班牙香腸蛋餅捲,,,274,,29.5,8.9,13.3,,,,,,,,,,,,,,,,,,,,,,,,,,,721,,,,,,,,
163,0002EABHKB1F0037,主廚煙燻燒餅,,,413,,36.9,14.2,23.2,,,,,,,,,,,,,,,,,,,,,,,,,,,651,,,,,,,,
164,0002EABHKB1F0038,金黃雙薯蛋燒餅,,,526,,45.1,13.4,32.4,,,,,,,,,,,,,,,,,,,,,,,,,,,857.8,,,,,,,,
165,0002EABHKBAH0039,總匯歐姆蛋燒餅,,,512,,41.3,19.6,29.8,,,,,,,,,,,,,,,,,,,,,,,,,,,617,,,,,,,,
166,0002EABHKB1F0040,皮蛋瘦肉粥(加肉鬆),,,273,,37.4,13.7,7.69,,,,,,,,,,,,,,,,,,,,,,,,,,,1457,,,,,,,,
167,0002EABHKB1F0041,三角薯餅,,,111,,16.7,0.3,4.8,,,,,,,,,,,,,,,,,,,,,,,,,,,328,,,,,,,,
168,0004AAJKVE2H0001,招牌鍋貼,,5,63.5,,,,,,,,,,,,,,,,,,,,,,,,,,,,,,,,,,,,,,,
169,0004AAJKVE2H0002,韭菜鍋貼,,5,59.5,,,,,,,,,,,,,,,,,,,,,,,,,,,,,,,,,,,,,,,
170,0004AAJKVEGK0003,韓式辣味鍋貼,,5.5,68.6,,,,,,,,,,,,,,,,,,,,,,,,,,,,,,,,,,,,,,,
171,0004AAJKVE2H0004,咖哩鍋貼,,5.5,67.2,,,,,,,,,,,,,,,,,,,,,,,,,,,,,,,,,,,,,,,
172,0004AAJKVE2H0005,田園蔬菜鍋貼,,5.5,42.9,,,,,,,,,,,,,,,,,,,,,,,,,,,,,,,,,,,,,,,
173,0004AAJKVE2H0006,玉米鍋貼,,5.5,50.2,,,,,,,,,,,,,,,,,,,,,,,,,,,,,,,,,,,,,,,
174,0004AAJKVE2H0007,招牌水餃,,5,56.5,,,,,,,,,,,,,,,,,,,,,,,,,,,,,,,,,,,,,,,
175,0004AAJKVE2H0008,韭菜水餃,,5,52.4,,,,,,,,,,,,,,,,,,,,,,,,,,,,,,,,,,,,,,,
176,0004AAJKVEGK0009,韓式辣味水餃,,5.5,60.5,,,,,,,,,,,,,,,,,,,,,,,,,,,,,,,,,,,,,,,
177,0004AAJKVE2H0010,咖哩水餃,,5.5,60.2,,,,,,,,,,,,,,,,,,,,,,,,,,,,,,,,,,,,,,,
178,0004AAJKVE2H0011,田園蔬菜水餃,,5.5,35.9,,,,,,,,,,,,,,,,,,,,,,,,,,,,,,,,,,,,,,,
179,0004AAJKVE2H0012,玉米水餃,,5.5,43.6,,,,,,,,,,,,,,,,,,,,,,,,,,,,,,,,,,,,,,,
180,0004AAJKVE2H0013,鮮蝦水餃,,8,60.5,,,,,,,,,,,,,,,,,,,,,,,,,,,,,,,,,,,,,,,
181,0004AAJKVD2H0014,招牌生水餃（20個）,,90,1130,,,,,,,,,,,,,,,,,,,,,,,,,,,,,,,,,,,,,,,
182,0004AAJKVD2H0015,韭菜生水餃（20個）,,90,1048,,,,,,,,,,,,,,,,,,,,,,,,,,,,,,,,,,,,,,,
183,0004AAJKVDGK0016,韓式辣味生水餃（20個）,,100,1210,,,,,,,,,,,,,,,,,,,,,,,,,,,,,,,,,,,,,,,
184,0004AAJKVD2H0017,咖哩生水餃（20個）,,100,1204,,,,,,,,,,,,,,,,,,,,,,,,,,,,,,,,,,,,,,,
185,0004AAJKVD2H0018,田園蔬菜生水餃（20個）,,100,718,,,,,,,,,,,,,,,,,,,,,,,,,,,,,,,,,,,,,,,
186,0004AAJKVD2H0019,玉米生水餃（20個）,,100,872,,,,,,,,,,,,,,,,,,,,,,,,,,,,,,,,,,,,,,,
187,0004AAJKVD2H0020,鮮蝦生水餃（20個）,,150,1210,,,,,,,,,,,,,,,,,,,,,,,,,,,,,,,,,,,,,,,
188,0004AAJKVD2H0021,招牌生水餃（50個）,,225,2825,,,,,,,,,,,,,,,,,,,,,,,,,,,,,,,,,,,,,,,
189,0004AAJKVD2H0022,韭菜生水餃（50個）,,225,2620,,,,,,,,,,,,,,,,,,,,,,,,,,,,,,,,,,,,,,,
190,0004AAJKVDGK0023,韓式辣味生水餃（50個）,,250,3025,,,,,,,,,,,,,,,,,,,,,,,,,,,,,,,,,,,,,,,
191,0004AAJKVD2H0024,咖哩生水餃（50個）,,250,3010,,,,,,,,,,,,,,,,,,,,,,,,,,,,,,,,,,,,,,,
192,0004AAJKVD2H0025,田園蔬菜生水餃（50個）,,250,1795,,,,,,,,,,,,,,,,,,,,,,,,,,,,,,,,,,,,,,,
193,0004AAJKVD2H0026,玉米生水餃（50個）,,250,2180,,,,,,,,,,,,,,,,,,,,,,,,,,,,,,,,,,,,,,,
194,0004AAJKVD2H0027,鮮蝦生水餃（50個）,,375,3025,,,,,,,,,,,,,,,,,,,,,,,,,,,,,,,,,,,,,,,
195,0004AAJKVD2H0028,珍珠生餛飩（15個）,,80,948,,,,,,,,,,,,,,,,,,,,,,,,,,,,,,,,,,,,,,,
196,0004AAJKVD2H0029,菜肉大生餛飩（10個）,,80,620,,,,,,,,,,,,,,,,,,,,,,,,,,,,,,,,,,,,,,,
197,0004AAJKVD2H0030,菜肉大生餛飩（20個）,,150,1240,,,,,,,,,,,,,,,,,,,,,,,,,,,,,,,,,,,,,,,
198,0004AAJKVH1C0031,白豆漿（杯）,,15,186,,,,,,,,,,,,,,,,,,,,,,,,,,,,,,,,,,,,,,,
199,0004AAJKVH1C0032,白豆漿（袋）,,70,,,,,,,,,,,,,,,,,,,,,,,,,,,,,,,,,,,,,,,,
200,0004AAJKVH1C0033,無糖豆漿（杯）,,15,130,,,,,,,,,,,,,,,,,,,,,,,,,,,,,,,,,,,,,,,
201,0004AAJKVH1C0034,無糖豆漿（袋）,,70,,,,,,,,,,,,,,,,,,,,,,,,,,,,,,,,,,,,,,,,
202,0004AAJKVH1C0035,黑豆漿（杯）,,15,186,,,,,,,,,,,,,,,,,,,,,,,,,,,,,,,,,,,,,,,
203,0004AAJKVH1C0036,黑豆漿（袋）,,80,,,,,,,,,,,,,,,,,,,,,,,,,,,,,,,,,,,,,,,,
204,0004AAJKVH2A0034,洛神麴梅汁,,,53,,,,,,,,,,,,,,,,,,,,,,,,,,,,,,,,,,,,,,,
205,0004AAJKVE2A0035,酸辣湯,,25,109,,,,,,,,,,,,,,,,,,,,,,,,,,,,,,,,,,,,,,,
206,0004AAJKVE2H0036,玉米濃湯,,25,150,,,,,,,,,,,,,,,,,,,,,,,,,,,,,,,,,,,,,,,
207,0004AAJKVE1F0037,旗魚花枝丸湯,,25,100,,,,,,,,,,,,,,,,,,,,,,,,,,,,,,,,,,,,,,,
208,0004AAJKVE1F0038,蕈菇湯,,30,44,,,,,,,,,,,,,,,,,,,,,,,,,,,,,,,,,,,,,,,
209,0004AAJKVE1F0039,蘿蔔排骨湯,,35,105,,,,,,,,,,,,,,,,,,,,,,,,,,,,,,,,,,,,,,,
210,0004AAJKVE1F0040,珍珠餛飩湯,,40,380,,,,,,,,,,,,,,,,,,,,,,,,,,,,,,,,,,,,,,,
211,0004AAJKVE1F0041,菜肉大餛飩湯,,50,250,,,,,,,,,,,,,,,,,,,,,,,,,,,,,,,,,,,,,,,
212,0004AAJKVEAH0042,酸辣湯餃,,65,657,,,,,,,,,,,,,,,,,,,,,,,,,,,,,,,,,,,,,,,
213,0004AAJKVE2H0043,玉米湯餃,,65,692,,,,,,,,,,,,,,,,,,,,,,,,,,,,,,,,,,,,,,,
214,0004AAJKVE1F0044,古早味乾麵,,35,350,,,,,,,,,,,,,,,,,,,,,,,,,,,,,,,,,,,,,,,
215,0004AAJKVE2K0045,特調乾麵,,35,318,,,,,,,,,,,,,,,,,,,,,,,,,,,,,,,,,,,,,,,
216,0004AAJKVE1F0046,麻醬乾麵,,40,430,,,,,,,,,,,,,,,,,,,,,,,,,,,,,,,,,,,,,,,
217,0004AAJKVE1F0047,黑芝麻乾麵,,40,420,,,,,,,,,,,,,,,,,,,,,,,,,,,,,,,,,,,,,,,
218,0004AAJKVE1F0048,醡醬乾麵,,45,372,,,,,,,,,,,,,,,,,,,,,,,,,,,,,,,,,,,,,,,
219,0004AAJKVE1F0049,古早味湯麵,,35,320,,,,,,,,,,,,,,,,,,,,,,,,,,,,,,,,,,,,,,,
220,0004AAJKVE1F0050,珍珠餛飩麵,,55,620,,,,,,,,,,,,,,,,,,,,,,,,,,,,,,,,,,,,,,,
221,0004AAJKVE1F0051,榨菜肉絲麵,,50,423,,,,,,,,,,,,,,,,,,,,,,,,,,,,,,,,,,,,,,,
222,0004AAJKVEAH0052,酸辣湯麵,,50,455,,,,,,,,,,,,,,,,,,,,,,,,,,,,,,,,,,,,,,,
223,0004AAJKVE1F0053,菜肉大餛飩麵,,65,530,,,,,,,,,,,,,,,,,,,,,,,,,,,,,,,,,,,,,,,
224,0004AAJKVE1F0054,珍珠抄手,,50,425,,,,,,,,,,,,,,,,,,,,,,,,,,,,,,,,,,,,,,,
225,0004AAJKVE1F0055,菜肉大抄手,,65,410,,,,,,,,,,,,,,,,,,,,,,,,,,,,,,,,,,,,,,,
226,0004AAJKVE1F0056,滷蛋,,10,135,,,,,,,,,,,,,,,,,,,,,,,,,,,,,,,,,,,,,,,
227,0004AAJKVE1F0057,黃金豆腐,,25,180,,,,,,,,,,,,,,,,,,,,,,,,,,,,,,,,,,,,,,,
228,0004AAJKVE1F0058,燙青菜,,30,70,,,,,,,,,,,,,,,,,,,,,,,,,,,,,,,,,,,,,,,
229,0004AAJKVE1F0059,燉蘿蔔,,30,35,,,,,,,,,,,,,,,,,,,,,,,,,,,,,,,,,,,,,,,
230,0004AAJKVE1F0060,家常小菜,,30,280,,,,,,,,,,,,,,,,,,,,,,,,,,,,,,,,,,,,,,,
231,0005EAJLWE1F0001,卡茲塔塔豬Q餅皮1/10片,,,191,,21.5,8.3,8,,,,,,,,,,,,,,,,,,,,,,,,,,,385,,,,,,,,
232,0005EAJLWE1F0002,經典紐約熱狗Q餅皮1/8片,,,272,,20,11,12,,,,,,,,,,,,,,,,,,,,,,,,,,,631,,,,,,,,
233,0005EAJLWE1F0003,厚汁醬烤牛肉球Q餅皮1/8片,,,236,,29,10.7,8.5,,,,,,,,,,,,,,,,,,,,,,,,,,,598,,,,,,,,
234,0005EAJLWE2K0004,地獄嗆辣火烤豬Q餅皮,,,187,,22.2,7.9,7.3,,,,,,,,,,,,,,,,,,,,,,,,,,,475,,,,,,,,
235,0005EAJLWE2K0005,章魚大阪燒Q餅皮1/10片,,,179,,22.3,7.9,6.2,,,,,,,,,,,,,,,,,,,,,,,,,,,638,,,,,,,,
236,0005EAJLWE2K0006,紐奧良烤雞Q餅皮1/10片,,,191,,22.9,9.3,6.7,,,,,,,,,,,,,,,,,,,,,,,,,,,705,,,,,,,,
237,0005EAJLWE1F0007,法式魚球Q餅皮1/10片,,,186,,24.6,8.3,6,,,,,,,,,,,,,,,,,,,,,,,,,,,430,,,,,,,,
238,0005EAJLWE1F0008,(大)卡茲塔塔豬Q多力多滋餅皮1/10片,,,227,,26,8.7,9.8,,,,,,,,,,,,,,,,,,,,,,,,,,,428,,,,,,,,
239,0005EAJLWE1F0009,(大)經典紐約熱狗Q多力多滋餅皮1/8片,,,254,,28.5,9.3,11.4,,,,,,,,,,,,,,,,,,,,,,,,,,,548,,,,,,,,
240,0005EAJLWE1F0010,(大)厚汁醬烤牛肉球Q多力多滋餅皮1/8片,,,225,,27.7,9,8.6,,,,,,,,,,,,,,,,,,,,,,,,,,,521,,,,,,,,
241,0005EAJLWE2K0011,(大)地獄嗆辣火烤豬Q多力多滋餅皮,,,223,,26.7,8.4,9.1,,,,,,,,,,,,,,,,,,,,,,,,,,,517,,,,,,,,
242,0005EAJLWE1F0012,(大)章魚大阪燒Q多力多滋餅皮1/10片,,,206,,27.5,7.6,7.2,,,,,,,,,,,,,,,,,,,,,,,,,,,489,,,,,,,,
243,0005EAJLWE2K0013,(大)紐奧良烤雞Q多力多滋餅皮1/10片,,,212,,27.8,9.1,7.1,,,,,,,,,,,,,,,,,,,,,,,,,,,559,,,,,,,,
244,0005EAJLWE1F0014,(大)法式魚球Q多力多滋餅皮1/10片,,,222,,29.1,8.8,7.8,,,,,,,,,,,,,,,,,,,,,,,,,,,472,,,,,,,,
245,0005EAJLWE1F0015,(大)超級海鮮宴滋多星餅皮1/12片,,,204,,21.5,10.1,8.3,,,,,,,,,,,,,,,,,,,,,,,,,,,511,,,,,,,,
246,0005EAJLWE1F0016,(大)壽喜雪花牛滋多星餅皮1/12片,,,203,,22,9.6,8.5,,,,,,,,,,,,,,,,,,,,,,,,,,,518,,,,,,,,
247,0005EAJLWE1F0017,(大)御牛黃金鱈滋多星餅皮1/12片,,,218,,22.9,10.7,9.3,,,,,,,,,,,,,,,,,,,,,,,,,,,548,,,,,,,,
248,0005EAJLWE2H0018,(大)黃金和風雞滋多星餅皮1/12片,,,225,,21.9,10.4,10.6,,,,,,,,,,,,,,,,,,,,,,,,,,,497,,,,,,,,
249,0005EAJLWE2H0019,(大)夏威夷滋多星餅皮1/12片,,,301,,21.5,9.3,8.6,,,,,,,,,,,,,,,,,,,,,,,,,,,464,,,,,,,,
250,0005EAJLWE2H0020,(大)和風章魚燒滋多星餅皮1/12片,,,206,,21.6,9.5,9.1,,,,,,,,,,,,,,,,,,,,,,,,,,,478,,,,,,,,
251,0005EAJLWE1F0021,(大)超級總匯滋多星餅皮1/12片,,,221,,20.7,10.1,10.2,,,,,,,,,,,,,,,,,,,,,,,,,,,507,,,,,,,,
252,0005EAJLWE1F0022,(大)海鮮滋多星餅皮1/12片,,,204,,21,9.9,8.6,,,,,,,,,,,,,,,,,,,,,,,,,,,465,,,,,,,,
253,0005EAJLWE2K0023,(大)鐵板牛柳滋多星餅皮1/12片,,,211,,20.6,9.6,10,,,,,,,,,,,,,,,,,,,,,,,,,,,497,,,,,,,,
254,0005EAJLWE2K0024,(大)哈辣墨西哥滋多星餅皮1/12片,,,204,,20.6,9.4,9.3,,,,,,,,,,,,,,,,,,,,,,,,,,,495,,,,,,,,
255,0005EAJLWE2K0025,(大)韓式泡菜燒肉滋多星餅皮1/12片,,,211,,21,10.1,9.6,,,,,,,,,,,,,,,,,,,,,,,,,,,498,,,,,,,,
256,0005EAJLWE1F0026,(大)海陸大亨滋多星餅皮1/12片,,,210,,21,9.8,9.3,,,,,,,,,,,,,,,,,,,,,,,,,,,518,,,,,,,,
257,0005EAJLWE1F0027,(大)雙層美式臘腸滋多星餅皮1/12片,,,212,,20.2,10,10.1,,,,,,,,,,,,,,,,,,,,,,,,,,,479,,,,,,,,
258,0005EAJLWE1F0028,(大)法式蝦蟹鮑魚菇滋多星餅皮1/12片,,,200,,20.2,10.1,8.6,,,,,,,,,,,,,,,,,,,,,,,,,,,500,,,,,,,,
259,0005EAJLWE1F0029,(大)六小福滋多星餅皮1/12片,,,215,,20.5,10.2,10.2,,,,,,,,,,,,,,,,,,,,,,,,,,,506,,,,,,,,
260,0005EAJLWE2H0030,(大)燻雞絲蘑菇滋多星餅皮1/12片,,,200,,20.8,9.8,8.6,,,,,,,,,,,,,,,,,,,,,,,,,,,469,,,,,,,,
261,0005EAJLWE2H0031,(大)彩蔬鮮菇滋多星餅皮1/12片,,,197,,20.7,9.3,8.5,,,,,,,,,,,,,,,,,,,,,,,,,,,489,,,,,,,,
262,0005EAJLWE2H0032,(大)鄉野青蔬滋多星餅皮1/12片,,,202,,22,9.2,8.5,,,,,,,,,,,,,,,,,,,,,,,,,,,481,,,,,,,,
263,0005EAJLWE1F0033,(大)皇朝海龍宴滋多星餅皮1/12片,,,239,,24.7,10.6,10.9,,,,,,,,,,,,,,,,,,,,,,,,,,,582,,,,,,,,
264,0005EAJLWE1F0034,(大)炙燒松坂滋多星餅皮1/12片,,,200,,20.6,9.7,8.8,,,,,,,,,,,,,,,,,,,,,,,,,,,467,,,,,,,,
265,0005EAJLWE1F0035,(大)超級海鮮宴酥香波蘿芝心餅皮1/10片,,,290,,31.1,13,12.1,,,,,,,,,,,,,,,,,,,,,,,,,,,686,,,,,,,,
266,0005EAJLWE1F0036,(大)壽喜雪花牛酥香波蘿芝心餅皮1/10片,,,294,,32.1,13.1,12.5,,,,,,,,,,,,,,,,,,,,,,,,,,,725,,,,,,,,
267,0005EAJLWE1F0037,(大)御牛黃金鱈酥香波蘿芝心餅皮1/10片,,,306,,32.8,13.9,13.2,,,,,,,,,,,,,,,,,,,,,,,,,,,720,,,,,,,,
268,0005EAJLWE2H0038,(大)黃金和風雞酥香波蘿芝心餅皮1/10片,,,386,,31.8,17,21,,,,,,,,,,,,,,,,,,,,,,,,,,,710,,,,,,,,
269,0005EAJLWE2H0039,(大)夏威夷滋多星酥香波蘿芝心餅皮1/10片,,,304,,31.6,12.7,13.9,,,,,,,,,,,,,,,,,,,,,,,,,,,583,,,,,,,,
270,0005EAJLWE2H0040,(大)和風章魚燒酥香波蘿芝心餅皮1/10片,,,345,,31.4,14.9,17.4,,,,,,,,,,,,,,,,,,,,,,,,,,,690,,,,,,,,
271,0005EAJLWE1F0041,(大)超級總匯酥香波蘿芝心餅皮1/10片,,,320,,29.6,13.7,15.2,,,,,,,,,,,,,,,,,,,,,,,,,,,679,,,,,,,,
272,0005EAJLWE1F0042,(大)海鮮酥香波蘿芝心餅皮1/10片,,,292,,28.6,13.7,13.4,,,,,,,,,,,,,,,,,,,,,,,,,,,346,,,,,,,,
273,0005EAJLWE2K0043,(大)鐵板牛柳酥香波蘿芝心餅皮1/10片,,,318,,27.1,13.8,16.9,,,,,,,,,,,,,,,,,,,,,,,,,,,621,,,,,,,,
274,0005EAJLWE2K0044,(大)哈辣墨西哥酥香波蘿芝心餅皮1/10片,,,340,,27.9,15,18.5,,,,,,,,,,,,,,,,,,,,,,,,,,,674,,,,,,,,
275,0005EAJLWE2K0045,(大)韓式泡菜燒肉酥香波蘿芝心餅皮1/10片,,,355,,29.6,16.4,18.7,,,,,,,,,,,,,,,,,,,,,,,,,,,834,,,,,,,,
276,0005EAJLWE1F0046,(大)海陸大亨酥香波蘿芝心餅皮1/10片,,,346,,29.5,16.3,17.8,,,,,,,,,,,,,,,,,,,,,,,,,,,736,,,,,,,,
277,0005EAJLWE1F0047,(大)雙層美式臘腸酥香波蘿芝心餅皮1/10片,,,363,,27.2,16.4,20.6,,,,,,,,,,,,,,,,,,,,,,,,,,,708,,,,,,,,
278,0005EAJLWE1F0048,(大)法式蝦蟹鮑魚菇酥香波蘿芝心餅皮1/10片,,,319,,27.4,14.7,16.1,,,,,,,,,,,,,,,,,,,,,,,,,,,696,,,,,,,,
279,0005EAJLWE1F0049,(大)六小福酥香波蘿芝心餅皮1/10片,,,310,,29.3,13.8,15.3,,,,,,,,,,,,,,,,,,,,,,,,,,,675,,,,,,,,
280,0005EAJLWE2H0050,(大)燻雞絲蘑菇酥香波蘿芝心餅皮1/10片,,,330,,29,15.6,16.7,,,,,,,,,,,,,,,,,,,,,,,,,,,670,,,,,,,,
281,0005EAJLWE2H0051,(大)彩蔬鮮菇酥香波蘿芝心餅皮1/10片,,,322,,28.8,14.2,16.4,,,,,,,,,,,,,,,,,,,,,,,,,,,668,,,,,,,,
282,0005EAJLWE2H0052,(大)鄉野青蔬酥香波蘿芝心餅皮1/10片,,,332,,31.3,14.4,16.4,,,,,,,,,,,,,,,,,,,,,,,,,,,711,,,,,,,,
283,0005EAJLWE1F0053,(大)皇朝海龍宴酥香波蘿芝心餅皮1/10片,,,359,,33.6,15.9,17.7,,,,,,,,,,,,,,,,,,,,,,,,,,,695,,,,,,,,
284,0005EAJLWE1F0054,(大)炙燒松坂酥香波蘿芝心餅皮1/10片,,,324,,28.6,14.7,16.5,,,,,,,,,,,,,,,,,,,,,,,,,,,609,,,,,,,,
285,0005EAJLWE1F0055,(大)超級海鮮宴酥香波蘿餅皮1/10片,,,298,,34.2,10.5,12.7,,,,,,,,,,,,,,,,,,,,,,,,,,,432,,,,,,,,
286,0005EAJLWE1F0056,(大)壽喜雪花牛酥香波蘿餅皮1/10片,,,300,,34.9,10.3,13.2,,,,,,,,,,,,,,,,,,,,,,,,,,,464,,,,,,,,
287,0005EAJLWE1F0057,(大)御牛黃金鱈酥香波蘿餅皮1/10片,,,311,,35.6,11.1,13.8,,,,,,,,,,,,,,,,,,,,,,,,,,,459,,,,,,,,
288,0005EAJLWE2H0058,(大)黃金和風雞酥香波蘿餅皮1/10片,,,379,,35.4,13.4,20.3,,,,,,,,,,,,,,,,,,,,,,,,,,,505,,,,,,,,
289,0005EAJLWE2H0059,(大)夏威夷滋多星酥香波蘿餅皮1/10片,,,326,,35,10.9,15.7,,,,,,,,,,,,,,,,,,,,,,,,,,,281,,,,,,,,
290,0005EAJLWE2H0060,(大)和風章魚燒酥香波蘿餅皮1/10片,,,335,,35.1,11.2,16.5,,,,,,,,,,,,,,,,,,,,,,,,,,,481,,,,,,,,
291,0005EAJLWE1F0061,(大)超級總匯酥香波蘿餅皮1/10片,,,331,,32.4,11.3,16.2,,,,,,,,,,,,,,,,,,,,,,,,,,,428,,,,,,,,
292,0005EAJLWE1F0062,(大)海鮮酥香波蘿餅皮1/10片,,,324,,33,12.9,15.4,,,,,,,,,,,,,,,,,,,,,,,,,,,513,,,,,,,,
293,0005EAJLWE2K0063,(大)鐵板牛柳酥香波蘿餅皮1/10片,,,307,,30.5,9.9,15.9,,,,,,,,,,,,,,,,,,,,,,,,,,,407,,,,,,,,
294,0005EAJLWE2K0064,(大)哈辣墨西哥酥香波蘿餅皮1/10片,,,331,,31.3,11.2,17.7,,,,,,,,,,,,,,,,,,,,,,,,,,,507,,,,,,,,
295,0005EAJLWE2K0065,(大)韓式泡菜燒肉酥香波蘿餅皮1/10片,,,349,,33.3,12.8,18.1,,,,,,,,,,,,,,,,,,,,,,,,,,,637,,,,,,,,
296,0005EAJLWE1F0066,(大)海陸大亨酥香波蘿餅皮1/10片,,,353,,33.2,13.6,18.2,,,,,,,,,,,,,,,,,,,,,,,,,,,561,,,,,,,,
297,0005EAJLWE1F0067,(大)雙層美式臘腸酥香波蘿餅皮1/10片,,,360,,30.3,13.1,20.5,,,,,,,,,,,,,,,,,,,,,,,,,,,547,,,,,,,,
298,0005EAJLWE1F0068,(大)法式蝦蟹鮑魚菇酥香波蘿餅皮1/10片,,,308,,30.2,11,15.4,,,,,,,,,,,,,,,,,,,,,,,,,,,308,,,,,,,,
299,0005EAJLWE1F0069,(大)六小福酥香波蘿餅皮1/10片,,,322,,32.2,11.3,16.4,,,,,,,,,,,,,,,,,,,,,,,,,,,423,,,,,,,,
300,0005EAJLWE2H0070,(大)燻雞絲蘑菇酥香波蘿餅皮1/10片,,,208,,9.5,8.1,15.3,,,,,,,,,,,,,,,,,,,,,,,,,,,511,,,,,,,,
301,0005EAJLWE2H0071,(大)彩蔬鮮菇酥香波蘿餅皮1/10片,,,310,,32.2,10.2,15.4,,,,,,,,,,,,,,,,,,,,,,,,,,,454,,,,,,,,
302,0005EAJLWE2H0072,(大)鄉野青蔬酥香波蘿餅皮1/10片,,,324,,35.5,10.6,15.5,,,,,,,,,,,,,,,,,,,,,,,,,,,512,,,,,,,,
303,0005EAJLWE1F0073,(大)皇朝海龍宴酥香波蘿餅皮1/10片,,,365,,36.3,11.8,18.1,,,,,,,,,,,,,,,,,,,,,,,,,,,288,,,,,,,,
304,0005EAJLWE1F0074,(大)炙燒松坂酥香波蘿餅皮1/10片,,,312,,32,10.8,15.6,,,,,,,,,,,,,,,,,,,,,,,,,,,395,,,,,,,,
305,0005EAJLWE1F0075,(大)超級海鮮宴鬆厚餅皮1/10片,,,244,,28.3,9.9,9.7,,,,,,,,,,,,,,,,,,,,,,,,,,,413,,,,,,,,
306,0005EAJLWE1F0076,(大)壽喜雪花牛鬆厚餅皮1/10片,,,246,,28.9,9.7,10.1,,,,,,,,,,,,,,,,,,,,,,,,,,,445,,,,,,,,
307,0005EAJLWE1F0077,(大)御牛黃金鱈鬆厚餅皮1/10片,,,257,,29.6,10.5,10.8,,,,,,,,,,,,,,,,,,,,,,,,,,,440,,,,,,,,
308,0005EAJLWE2H0078,(大)黃金和風雞鬆厚餅皮1/10片,,,325,,29.5,12.7,17.2,,,,,,,,,,,,,,,,,,,,,,,,,,,486,,,,,,,,
309,0005EAJLWE2H0079,(大)夏威夷滋多星鬆厚餅皮1/10片,,,291,,29.9,11.4,13.9,,,,,,,,,,,,,,,,,,,,,,,,,,,484,,,,,,,,
310,0005EAJLWE2H0080,(大)和風章魚燒鬆厚餅皮1/10片,,,295,,29.1,11.5,14.5,,,,,,,,,,,,,,,,,,,,,,,,,,,511,,,,,,,,
311,0005EAJLWE1F0081,(大)超級總匯鬆厚餅皮1/10片,,,277,,26.5,10.6,13.2,,,,,,,,,,,,,,,,,,,,,,,,,,,409,,,,,,,,
312,0005EAJLWE1F0082,(大)海鮮鬆厚餅皮1/10片,,,284,,27.2,13.3,13.4,,,,,,,,,,,,,,,,,,,,,,,,,,,524,,,,,,,,
313,0005EAJLWE2K0083,(大)鐵板牛柳鬆厚餅皮1/10片,,,267,,24.4,10.1,14.1,,,,,,,,,,,,,,,,,,,,,,,,,,,414,,,,,,,,
314,0005EAJLWE2K0084,(大)哈辣墨西哥鬆厚餅皮1/10片,,,290,,25.4,11.4,15.7,,,,,,,,,,,,,,,,,,,,,,,,,,,510,,,,,,,,
315,0005EAJLWE2K0085,(大)韓式泡菜燒肉鬆厚餅皮1/10片,,,302,,27,12.6,15.7,,,,,,,,,,,,,,,,,,,,,,,,,,,620,,,,,,,,
316,0005EAJLWE1F0086,(大)海陸大亨鬆厚餅皮1/10片,,,288,,26.7,12.3,14.5,,,,,,,,,,,,,,,,,,,,,,,,,,,510,,,,,,,,
317,0005EAJLWE1F0087,(大)雙層美式臘腸鬆厚餅皮1/10片,,,313,,24.4,12.9,18,,,,,,,,,,,,,,,,,,,,,,,,,,,540,,,,,,,,
318,0005EAJLWE1F0088,(大)法式蝦蟹鮑魚菇鬆厚餅皮1/10片,,,263,,24.8,10.7,12.9,,,,,,,,,,,,,,,,,,,,,,,,,,,478,,,,,,,,
319,0005EAJLWE1F0089,(大)六小福鬆厚餅皮1/10片,,,268,,26.2,10.7,13.4,,,,,,,,,,,,,,,,,,,,,,,,,,,404,,,,,,,,
320,0005EAJLWE2H0090,(大)燻雞絲蘑菇鬆厚餅皮1/10片,,,280,,26.6,12.1,13.8,,,,,,,,,,,,,,,,,,,,,,,,,,,514,,,,,,,,
321,0005EAJLWE2H0091,(大)彩蔬鮮菇鬆厚餅皮1/10片,,,268,,26.2,10.4,13.4,,,,,,,,,,,,,,,,,,,,,,,,,,,455,,,,,,,,
322,0005EAJLWE2H0092,(大)鄉野青蔬鬆厚餅皮1/10片,,,283,,29.5,10.8,13.5,,,,,,,,,,,,,,,,,,,,,,,,,,,515,,,,,,,,
323,0005EAJLWE1F0093,(大)皇朝海龍宴鬆厚餅皮1/10片,,,306,,31,11.3,15.1,,,,,,,,,,,,,,,,,,,,,,,,,,,462,,,,,,,,
324,0005EAJLWE1F0094,(大)炙燒松坂鬆厚餅皮1/10片,,,258,,26.1,10.1,12.5,,,,,,,,,,,,,,,,,,,,,,,,,,,376,,,,,,,,
325,0005EAJLWE1F0095,(大)超級海鮮宴芝心餅皮1/10片,,,246,,26.2,12.5,9.6,,,,,,,,,,,,,,,,,,,,,,,,,,,671,,,,,,,,
326,0005EAJLWE1F0096,(大)壽喜雪花牛芝心餅皮1/10片,,,250,,27.2,12.6,10,,,,,,,,,,,,,,,,,,,,,,,,,,,709,,,,,,,,
327,0005EAJLWE1F0097,(大)御牛黃金鱈芝心餅皮1/10片,,,262,,27.9,13.4,10.7,,,,,,,,,,,,,,,,,,,,,,,,,,,704,,,,,,,,
328,0005EAJLWE2H0098,(大)黃金和風雞芝心餅皮1/10片,,,346,,26.9,16.5,18.9,,,,,,,,,,,,,,,,,,,,,,,,,,,695,,,,,,,,
329,0005EAJLWE2H0099,(大)夏威夷滋多星芝心餅皮1/10片,,,298,,26.7,14.3,14.6,,,,,,,,,,,,,,,,,,,,,,,,,,,623,,,,,,,,
330,0005EAJLWE2H0100,(大)超級總芝心匯餅皮1/10片,,,305,,26.6,14.5,15.4,,,,,,,,,,,,,,,,,,,,,,,,,,,698,,,,,,,,
331,0005EAJLWE1F0101,(大)超級總匯芝心餅皮1/10片,,,280,,24.7,13.2,13.1,,,,,,,,,,,,,,,,,,,,,,,,,,,664,,,,,,,,
332,0005EAJLWE1F0102,(大)海鮮芝心餅皮1/10片,,,293,,24.6,15.9,14.3,,,,,,,,,,,,,,,,,,,,,,,,,,,657,,,,,,,,
333,0005EAJLWE2K0103,(大)鐵板牛柳芝心餅皮1/10片,,,278,,22,13.3,14.9,,,,,,,,,,,,,,,,,,,,,,,,,,,599,,,,,,,,
334,0005EAJLWE2K0104,(大)哈辣墨西哥芝心餅皮1/10片,,,300,,23.1,14.5,16.4,,,,,,,,,,,,,,,,,,,,,,,,,,,659,,,,,,,,
335,0005EAJLWE2K0105,(大)韓式泡菜燒肉芝心餅皮1/10片,,,312,,24.4,15.7,16.6,,,,,,,,,,,,,,,,,,,,,,,,,,,721,,,,,,,,
336,0005EAJLWE1F0106,(大)海陸大亨芝心餅皮1/10片,,,301,,24.4,15.5,15.4,,,,,,,,,,,,,,,,,,,,,,,,,,,706,,,,,,,,
337,0005EAJLWE1F0107,(大)雙層美式臘腸芝心餅皮1/10片,,,323,,22.3,15.9,18.6,,,,,,,,,,,,,,,,,,,,,,,,,,,693,,,,,,,,
338,0005EAJLWE1F0108,(大)法式蝦蟹鮑魚菇芝心餅皮1/10片,,,276,,22.4,13.8,14,,,,,,,,,,,,,,,,,,,,,,,,,,,659,,,,,,,,
339,0005EAJLWE1F0109,(大)六小福芝心餅皮1/10片,,,270,,24.5,13.2,13.3,,,,,,,,,,,,,,,,,,,,,,,,,,,659,,,,,,,,
340,0005EAJLWE2H0110,(大)燻雞絲蘑菇芝心餅皮1/10片,,,290,,24.1,15,14.6,,,,,,,,,,,,,,,,,,,,,,,,,,,655,,,,,,,,
341,0005EAJLWE2H0111,(大)彩蔬鮮菇芝心餅皮1/10片,,,281,,23.9,13.6,14.3,,,,,,,,,,,,,,,,,,,,,,,,,,,651,,,,,,,,
342,0005EAJLWE2H0112,(大)鄉野青蔬芝心餅皮1/10片,,,292,,26.4,13.9,14.4,,,,,,,,,,,,,,,,,,,,,,,,,,,696,,,,,,,,
343,0005EAJLWE1F0113,(大)皇朝海龍宴芝心餅皮1/10片,,,332,,28.7,15.4,17.1,,,,,,,,,,,,,,,,,,,,,,,,,,,680,,,,,,,,
344,0005EAJLWE1F0114,(大)炙燒松坂芝心餅皮1/10片,,,284,,23.8,14.2,14.5,,,,,,,,,,,,,,,,,,,,,,,,,,,594,,,,,,,,
345,0005EAJLWE1F0115,(大)超級海鮮宴薄脆餅皮1/10片,,,162,,19.1,8.4,5.3,,,,,,,,,,,,,,,,,,,,,,,,,,,396,,,,,,,,
346,0005EAJLWE1F0116,(大)壽喜雪花牛薄脆餅皮1/10片,,,164,,19.8,8.2,5.8,,,,,,,,,,,,,,,,,,,,,,,,,,,428,,,,,,,,
347,0005EAJLWE1F0117,(大)御牛黃金鱈薄脆餅皮1/10片,,,176,,20.5,9.1,6.4,,,,,,,,,,,,,,,,,,,,,,,,,,,423,,,,,,,,
348,0005EAJLWE2H0118,(大)黃金和風雞薄脆餅皮1/10片,,,258,,23.3,11.7,13,,,,,,,,,,,,,,,,,,,,,,,,,,,503,,,,,,,,
349,0005EAJLWE2H0119,(大)夏威夷滋多星薄脆餅皮1/10片,,,224,,23.7,10.4,9.6,,,,,,,,,,,,,,,,,,,,,,,,,,,499,,,,,,,,
350,0005EAJLWE2H0120,(大)超級總薄脆匯餅皮1/10片,,,228,,23,10.5,10.3,,,,,,,,,,,,,,,,,,,,,,,,,,,528,,,,,,,,
351,0005EAJLWE1F0121,(大)超級總匯薄脆餅皮1/10片,,,214,,20.3,9.6,9.3,,,,,,,,,,,,,,,,,,,,,,,,,,,425,,,,,,,,
352,0005EAJLWE1F0122,(大)海鮮薄脆餅皮1/10片,,,218,,21,12.3,9.2,,,,,,,,,,,,,,,,,,,,,,,,,,,539,,,,,,,,
353,0005EAJLWE2K0123,(大)鐵板牛柳薄脆皮1/10片,,,200,,18.3,9.1,9.9,,,,,,,,,,,,,,,,,,,,,,,,,,,430,,,,,,,,
354,0005EAJLWE2K0124,(大)哈辣墨西哥薄脆餅皮1/10片,,,223,,19.2,10.4,11.5,,,,,,,,,,,,,,,,,,,,,,,,,,,525,,,,,,,,
355,0005EAJLWE2K0125,(大)韓式泡菜燒肉薄脆餅皮1/10片,,,235,,20.9,11.3,11.5,,,,,,,,,,,,,,,,,,,,,,,,,,,636,,,,,,,,
356,0005EAJLWE1F0126,(大)海陸大亨薄脆餅皮1/10片,,,222,,20.5,11.3,10.3,,,,,,,,,,,,,,,,,,,,,,,,,,,527,,,,,,,,
357,0005EAJLWE1F0127,(大)雙層美式臘腸薄脆餅皮1/10片,,,246,,18.2,11.9,13.7,,,,,,,,,,,,,,,,,,,,,,,,,,,555,,,,,,,,
358,0005EAJLWE1F0128,(大)法式蝦蟹鮑魚菇薄脆餅皮1/10片,,,197,,18.7,9.7,8.7,,,,,,,,,,,,,,,,,,,,,,,,,,,495,,,,,,,,
359,0005EAJLWE1F0129,(大)六小福薄脆餅皮1/10片,,,204,,20,9.7,9.5,,,,,,,,,,,,,,,,,,,,,,,,,,,420,,,,,,,,
360,0005EAJLWE2H0130,(大)燻雞絲蘑菇薄脆餅皮1/10片,,,214,,20.4,11.1,9.6,,,,,,,,,,,,,,,,,,,,,,,,,,,530,,,,,,,,
361,0005EAJLWE2H0131,(大)彩蔬鮮菇薄脆餅皮1/10片,,,202,,20,9.4,9.2,,,,,,,,,,,,,,,,,,,,,,,,,,,471,,,,,,,,
362,0005EAJLWE2H0132,(大)鄉野青蔬薄脆餅皮1/10片,,,217,,23.4,9.8,9.3,,,,,,,,,,,,,,,,,,,,,,,,,,,532,,,,,,,,
363,0005EAJLWE1F0133,(大)皇朝海龍宴薄脆餅皮1/10片,,,246,,24.8,10.7,11.4,,,,,,,,,,,,,,,,,,,,,,,,,,,490,,,,,,,,
364,0005EAJLWE1F0134,(大)炙燒松坂薄脆餅皮1/10片,,,199,,19.9,9.5,8.8,,,,,,,,,,,,,,,,,,,,,,,,,,,403,,,,,,,,
365,0006EAALWE2H0001,(餅皮)12吋手拍,56,,185,,35.2,5,2.7,,,,,,,,,,,,,,,,,,,,,,,,,,,340,,,,,,,,
366,0006EAALWE2H0002,(餅皮)12吋帕瑪滋心,78,,251.5,,37.2,8.8,10.2,,,,,,,,,,,,,,,,,,,,,,,,,,,661.9,,,,,,,,
367,0006EAALWE2H0003,(餅皮)12吋薄脆,12,,45,,8.9,0.8,2.2,,,,,,,,,,,,,,,,,,,,,,,,,,,31,,,,,,,,
368,0006EAALWE2H0004,(餅皮)12吋雙層薄脆吉心,36,,113,,14,2.5,5.2,,,,,,,,,,,,,,,,,,,,,,,,,,,54,,,,,,,,
369,0006EAALWE2H0005,(餅皮)12吋霸丸花滋心,52,,170.7,,24.2,5.3,7.3,,,,,,,,,,,,,,,,,,,,,,,,,,,303.9,,,,,,,,
370,0006EAALWE2H0006,(餅皮)16吋手拍紐約,58,,189,,36,5.1,2.9,,,,,,,,,,,,,,,,,,,,,,,,,,,346,,,,,,,,
371,0006EAALWE2H0007,(餅皮)6吋手拍,31,,103,,19.5,2.8,1.5,,,,,,,,,,,,,,,,,,,,,,,,,,,188,,,,,,,,
372,0006EAALWE2H0008,(餅皮)9吋手拍,41,,136,,25.7,3.7,2,,,,,,,,,,,,,,,,,,,,,,,,,,,249,,,,,,,,
373,0006EAALWE2H0009,(餅皮)9吋手拍紐約,21,,68.7,,13,1.9,1,,,,,,,,,,,,,,,,,,,,,,,,,,,282,,,,,,,,
374,0006EAALWE2H0010,(餅皮)9吋帕瑪滋心,52,,200,,27.6,7.4,9.2,,,,,,,,,,,,,,,,,,,,,,,,,,,552.8,,,,,,,,
375,0006EAALWE2H0011,(餅皮)9吋薄脆,11,,42,,6.1,0.8,1.5,,,,,,,,,,,,,,,,,,,,,,,,,,,21,,,,,,,,
376,0006EAALWE2H0012,(餅皮)9吋雙層薄脆吉心,34,,108,,13,2,5,,,,,,,,,,,,,,,,,,,,,,,,,,,57,,,,,,,,
377,0006EAALWE2H0013,(餅皮)9吋霸丸花滋心,45,,148.5,,20,4.7,6.9,,,,,,,,,,,,,,,,,,,,,,,,,,,263.3,,,,,,,,
378,0006EAALWE2H0014,(副食)BBQ烤雞翅,280,,583,,11.4,46.6,39,,,,,,,,,,,,,,,,,,,,,,,,,,,1474,,,,,,,,
379,0006EAALWH2H0015,(副食)元氣溫沙拉,150,,72.6,,12.5,2.8,1.9,,,,,,,,,,,,,,,,,,,,,,,,,,,391.3,,,,,,,,
380,0006EAALWE2H0016,(6吋)切達鮪魚,33,,65.2,,2.2,3.1,5.6,,,,,,,,,,,,,,,,,,,,,,,,,,,122.4,,,,,,,,
381,0006EAALWE2H0017,(9吋)切達鮪魚,48,,97.5,,3.6,4.5,8,,,,,,,,,,,,,,,,,,,,,,,,,,,189.8,,,,,,,,
382,0006EAALWE2H0018,(12吋)切達鮪魚,64,,134,,4.7,6.2,11,,,,,,,,,,,,,,,,,,,,,,,,,,,260.7,,,,,,,,
383,0006EAALWE2H0019,(16吋)切達鮪魚,104,,235.4,,7,11.2,19.8,,,,,,,,,,,,,,,,,,,,,,,,,,,427.2,,,,,,,,
384,0006EAALWE2H0020,(副食)巴掌麵包-切達起司,145,,653.1,,84.5,15.3,31.2,,,,,,,,,,,,,,,,,,,,,,,,,,,1740,,,,,,,,
385,0006EAALWE2H0021,(副食)巴掌麵包-肉桂,125,,720.6,,84,11.2,27,,,,,,,,,,,,,,,,,,,,,,,,,,,840,,,,,,,,
386,0006EAALWE2H0022,(副食)巴掌麵包-香蒜,125,,606,,86.2,12.8,23.4,,,,,,,,,,,,,,,,,,,,,,,,,,,1906,,,,,,,,
387,0006EAALWE2H0023,(6吋)加州BBQ雞肉,29,,55.8,,3.1,2.8,3.5,,,,,,,,,,,,,,,,,,,,,,,,,,,150.7,,,,,,,,
388,0006EAALWE2H0024,(9吋)加州BBQ雞肉,47,,92.3,,5.1,4.9,5.8,,,,,,,,,,,,,,,,,,,,,,,,,,,251.2,,,,,,,,
389,0006EAALWE2H0025,(12吋)加州BBQ雞肉,62,,128.8,,6.8,6.7,8.3,,,,,,,,,,,,,,,,,,,,,,,,,,,388.4,,,,,,,,
390,0006EAALWE2H0026,(16吋)加州BBQ雞肉,90,,210.3,,8.7,12,14,,,,,,,,,,,,,,,,,,,,,,,,,,,528.4,,,,,,,,
391,0006EAALWE2H0027,(6吋)四色彩蔬,26,,32.9,,2,2.1,1.8,,,,,,,,,,,,,,,,,,,,,,,,,,,86.3,,,,,,,,
392,0006EAALWE2H0028,(9吋)四色彩蔬,43,,49.5,,2.9,3.3,2.8,,,,,,,,,,,,,,,,,,,,,,,,,,,131.7,,,,,,,,
393,0006EAALWE2H0029,(12吋)四色彩蔬,56,,67.9,,3.7,4.6,3.9,,,,,,,,,,,,,,,,,,,,,,,,,,,226.7,,,,,,,,
394,0006EAALWE2H0030,(16吋)四色彩蔬,94,,128.9,,6.8,8.4,7.6,,,,,,,,,,,,,,,,,,,,,,,,,,,329.2,,,,,,,,
395,0006EAALWE2H0031,(16吋)四拼巨無霸,56,,100.8,,0.2,7.6,7.5,,,,,,,,,,,,,,,,,,,,,,,,,,,227.9,,,,,,,,
396,0006EAALWE2H0032,(副食)玉米濃湯,200,,123,,15,2.5,5.9,,,,,,,,,,,,,,,,,,,,,,,,,,,621,,,,,,,,
397,0006EAALWE2H0033,(6吋)白醬彩蔬,23,,39,,1.1,2.3,2.8,,,,,,,,,,,,,,,,,,,,,,,,,,,108.2,,,,,,,,
398,0006EAALWE2H0034,(9吋)白醬彩蔬,37,,60.6,,1.6,3.8,4.4,,,,,,,,,,,,,,,,,,,,,,,,,,,210.6,,,,,,,,
399,0006EAALWE2H0035,(12吋)白醬彩蔬,49,,82.2,,1.9,5.1,6,,,,,,,,,,,,,,,,,,,,,,,,,,,275,,,,,,,,
400,0006EAALWE2H0036,(16吋)白醬彩蔬,76,,139.4,,3.3,8.8,10,,,,,,,,,,,,,,,,,,,,,,,,,,,383,,,,,,,,
401,0006EAALWE2H0037,(6吋)泡菜海鮮,21,,33.8,,1.2,2.4,2.2,,,,,,,,,,,,,,,,,,,,,,,,,,,94,,,,,,,,
402,0006EAALWE2H0038,(9吋)泡菜海鮮,36,,52.9,,1.7,4.1,3.3,,,,,,,,,,,,,,,,,,,,,,,,,,,152,,,,,,,,
403,0006EAALWE2H0039,(12吋)泡菜海鮮,48,,72.1,,2.2,5.7,4.5,,,,,,,,,,,,,,,,,,,,,,,,,,,204.8,,,,,,,,
404,0006EAALWE2H0040,(16吋)泡菜海鮮,84,,132.8,,3.9,10.3,8.5,,,,,,,,,,,,,,,,,,,,,,,,,,,364,,,,,,,,
405,0006EAALWE2H0041,(6吋)皇家白醬海鮮,23,,40.2,,1.2,2.6,2.8,,,,,,,,,,,,,,,,,,,,,,,,,,,99,,,,,,,,
406,0006EAALWE2H0042,(9吋)皇家白醬海鮮,46,,71.9,,3.2,4.9,4.3,,,,,,,,,,,,,,,,,,,,,,,,,,,200.2,,,,,,,,
407,0006EAALWE2H0043,(12吋)皇家白醬海鮮,60,,95.3,,3.6,6.6,6,,,,,,,,,,,,,,,,,,,,,,,,,,,256.3,,,,,,,,
408,0006EAALWE2H0044,(6吋)紅醬彩蔬,33,,36.6,,2.8,2.2,1.8,,,,,,,,,,,,,,,,,,,,,,,,,,,119.4,,,,,,,,
409,0006EAALWE2H0045,(9吋)紅醬彩蔬,53,,55.3,,4,3.5,2.8,,,,,,,,,,,,,,,,,,,,,,,,,,,184.6,,,,,,,,
410,0006EAALWE2H0046,(12吋)紅醬彩蔬,69,,76,,5.4,5,3.9,,,,,,,,,,,,,,,,,,,,,,,,,,,299.5,,,,,,,,
411,0006EAALWE2H0047,(16吋)紅醬彩蔬,109,,138.1,,8.7,8.8,7.6,,,,,,,,,,,,,,,,,,,,,,,,,,,411.9,,,,,,,,
412,0006EAALWE2H0048,(副食)香烤薯球,185,,296,,,3.7,18.5,,,,,,,,,,,,,,,,,,,,,,,,,,,610.5,,,,,,,,
413,0006EAALWE2H0049,(副食)香酥千層棒,65,,284,,31,4,16,,,,,,,,,,,,,,,,,,,,,,,,,,,253,,,,,,,,
414,0006EAALWE2H0050,(副食)原味烤雞翅,220,,540,,1.7,46,38.7,,,,,,,,,,,,,,,,,,,,,,,,,,,1260,,,,,,,,
415,0006EAALWE2H0051,(副食)原味轟炸雞腿,95,,215,,3.9,17.7,14.2,,,,,,,,,,,,,,,,,,,,,,,,,,,550,,,,,,,,
416,0006EAALWE2H0052,(6吋)夏威夷,24,,36.4,,2.3,2.4,1.9,,,,,,,,,,,,,,,,,,,,,,,,,,,101.7,,,,,,,,
417,0006EAALWE2H0053,(9吋)夏威夷,39,,58.6,,4.2,3.8,3,,,,,,,,,,,,,,,,,,,,,,,,,,,164.6,,,,,,,,
418,0006EAALWE2H0054,(12吋)夏威夷,53,,80.3,,5,5.3,4.1,,,,,,,,,,,,,,,,,,,,,,,,,,,226.7,,,,,,,,
419,0006EAALWE2H0055,(16吋)夏威夷,79,,138.5,,6.5,9.5,7.8,,,,,,,,,,,,,,,,,,,,,,,,,,,365.3,,,,,,,,
420,0006EAALWE2H0056,(9吋)夏威夷四喜,40,,58,,4.1,3.9,2.9,,,,,,,,,,,,,,,,,,,,,,,,,,,159.2,,,,,,,,
421,0006EAALWE2H0057,(12吋)夏威夷四喜,54,,79.6,,5.5,5.3,4.1,,,,,,,,,,,,,,,,,,,,,,,,,,,220.1,,,,,,,,
422,0006EAALWE2H0058,(16吋)夏威夷雙拼,60,,123.3,,4.8,8.7,7.6,,,,,,,,,,,,,,,,,,,,,,,,,,,245.2,,,,,,,,
423,0006EAALWE2H0059,(6吋)海鮮,33,,32.6,,1.6,2.5,1.8,,,,,,,,,,,,,,,,,,,,,,,,,,,109.1,,,,,,,,
424,0006EAALWE2H0060,(9吋)海鮮,46,,59.8,,3.9,4.7,2.8,,,,,,,,,,,,,,,,,,,,,,,,,,,216.4,,,,,,,,
425,0006EAALWE2H0061,(12吋)海鮮,60,,67.6,,2.5,5,3.9,,,,,,,,,,,,,,,,,,,,,,,,,,,198.7,,,,,,,,
426,0006EAALWE2H0062,(16吋)海鮮,94,,134.2,,5.8,10.7,7.4,,,,,,,,,,,,,,,,,,,,,,,,,,,424.2,,,,,,,,
427,0006EAALWE2H0063,(6吋)培根燻雞,27,,44.9,,1.7,3.1,2.8,,,,,,,,,,,,,,,,,,,,,,,,,,,111.7,,,,,,,,
428,0006EAALWE2H0064,(9吋)培根燻雞,43,,71.9,,2.8,5,6.9,,,,,,,,,,,,,,,,,,,,,,,,,,,178.1,,,,,,,,
429,0006EAALWE2H0065,(12吋)培根燻雞,59,,99.8,,3.8,6.8,6.3,,,,,,,,,,,,,,,,,,,,,,,,,,,244.4,,,,,,,,
430,0006EAALWE2H0066,(16吋)培根燻雞,93,,179.7,,5.3,12.4,11.9,,,,,,,,,,,,,,,,,,,,,,,,,,,401.8,,,,,,,,
431,0006EAALWE2H0067,(6吋)彩椒蘑菇,19,,26.8,,0.7,2,1.8,,,,,,,,,,,,,,,,,,,,,,,,,,,121.1,,,,,,,,
432,0006EAALWE2H0068,(9吋)彩椒蘑菇,31,,42.2,,1.1,3.2,2.8,,,,,,,,,,,,,,,,,,,,,,,,,,,199,,,,,,,,
433,0006EAALWE2H0069,(12吋)彩椒蘑菇,41,,69.3,,3.9,4.8,4,,,,,,,,,,,,,,,,,,,,,,,,,,,270.8,,,,,,,,
434,0006EAALWE2H0070,(16吋)彩椒蘑菇,69,,108.9,,2.2,8.2,7.4,,,,,,,,,,,,,,,,,,,,,,,,,,,454.1,,,,,,,,
435,0006EAALWE2H0071,(副食)普羅旺斯雞腿排,120,,268,,4.3,27.4,17,,,,,,,,,,,,,,,,,,,,,,,,,,,234,,,,,,,,
436,0006EAALWE2H0072,(9吋)無敵四喜,48,,84.9,,3.1,5.2,5.6,,,,,,,,,,,,,,,,,,,,,,,,,,,278.5,,,,,,,,
437,0006EAALWE2H0073,(12吋)無敵四喜,62,,108.8,,3.9,6.8,7.1,,,,,,,,,,,,,,,,,,,,,,,,,,,356.3,,,,,,,,
438,0006EAALWE2H0074,(6吋)菠菜培根,28,,39.7,,1.5,2.6,2.6,,,,,,,,,,,,,,,,,,,,,,,,,,,133.6,,,,,,,,
439,0006EAALWE2H0075,(9吋)超值四喜,34,,56.7,,2.2,3.6,3.6,,,,,,,,,,,,,,,,,,,,,,,,,,,176.8,,,,,,,,
440,0006EAALWE2H0076,(12吋)超值四喜,45,,76.1,,2.9,4.9,4.8,,,,,,,,,,,,,,,,,,,,,,,,,,,237.4,,,,,,,,
441,0006EAALWE2H0077,(9吋)超值美式,29,,59.5,,1.6,3.8,41,,,,,,,,,,,,,,,,,,,,,,,,,,,176.9,,,,,,,,
442,0006EAALWE2H0078,(12吋)超值美式,40,,81.4,,2.2,5.2,5.6,,,,,,,,,,,,,,,,,,,,,,,,,,,242,,,,,,,,
443,0006EAALWE2H0079,(9吋)超值經典,33,,62.4,,1.7,3.6,4.4,,,,,,,,,,,,,,,,,,,,,,,,,,,213.8,,,,,,,,
444,0006EAALWE2H0080,(12吋)超值經典,44,,83.9,,2.3,4.9,5.8,,,,,,,,,,,,,,,,,,,,,,,,,,,284,,,,,,,,
445,0006EAALWE2H0081,(9吋)超值蔬菜,33,,48.2,,2.2,3.2,2.8,,,,,,,,,,,,,,,,,,,,,,,,,,,145.4,,,,,,,,
446,0006EAALWE2H0082,(12吋)超值蔬菜,43,,65.7,,2.9,4.4,3.9,,,,,,,,,,,,,,,,,,,,,,,,,,,199.3,,,,,,,,
447,0006EAALWE2H0083,(6吋)超級四重肉,30,,55,,1.8,3.6,3.6,,,,,,,,,,,,,,,,,,,,,,,,,,,180.1,,,,,,,,
448,0006EAALWE2H0084,(9吋)超級四重肉,47,,85.5,,2.8,5.6,8,,,,,,,,,,,,,,,,,,,,,,,,,,,281.2,,,,,,,,
449,0006EAALWE2H0085,(12吋)超級四重肉,60,,110.4,,3.6,7.3,7.1,,,,,,,,,,,,,,,,,,,,,,,,,,,359.9,,,,,,,,
450,0006EAALWE2H0086,(16吋)超級四重肉,95,,189.7,,4.8,13,12.7,,,,,,,,,,,,,,,,,,,,,,,,,,,580.6,,,,,,,,
451,0006EAALWE2H0087,(6吋)超級夏威夷,29,,37.2,,2.3,2.5,1.9,,,,,,,,,,,,,,,,,,,,,,,,,,,111.3,,,,,,,,
452,0006EAALWE2H0088,(9吋)超級夏威夷,43,,60.7,,4.2,4.3,3,,,,,,,,,,,,,,,,,,,,,,,,,,,191.4,,,,,,,,
453,0006EAALWE2H0089,(12吋)超級夏威夷,58,,83.1,,5,5.4,4.1,,,,,,,,,,,,,,,,,,,,,,,,,,,235.4,,,,,,,,
454,0006EAALWE2H0090,(16吋)超級夏威夷,87,,142.6,,6.5,10.5,7.9,,,,,,,,,,,,,,,,,,,,,,,,,,,417.5,,,,,,,,
455,0006EAALWE2H0091,(6吋)超級豪華,32,,42.9,,1.6,2.9,3.5,,,,,,,,,,,,,,,,,,,,,,,,,,,163.7,,,,,,,,
456,0006EAALWE2H0092,(9吋)超級豪華,46,,77.4,,2.6,4.4,5.3,,,,,,,,,,,,,,,,,,,,,,,,,,,253.8,,,,,,,,
457,0006EAALWE2H0093,(12吋)超級豪華,60,,100.4,,3.4,5.8,6.8,,,,,,,,,,,,,,,,,,,,,,,,,,,326.3,,,,,,,,
458,0006EAALWE2H0094,(16吋)超級豪華,94,,173,,4.5,10.5,12.1,,,,,,,,,,,,,,,,,,,,,,,,,,,525.8,,,,,,,,
459,0006EAALWE2H0095,(6吋)超級墨西哥,24,,49,,1.3,2.7,3.6,,,,,,,,,,,,,,,,,,,,,,,,,,,172.3,,,,,,,,
460,0006EAALWE2H0096,(9吋)超級墨西哥,38,,78.8,,2,4.2,5.7,,,,,,,,,,,,,,,,,,,,,,,,,,,279.2,,,,,,,,
461,0006EAALWE2H0097,(12吋)超級墨西哥,51,,105.4,,2.7,5.7,7.6,,,,,,,,,,,,,,,,,,,,,,,,,,,366.4,,,,,,,,
462,0006EAALWE2H0098,(16吋)超級墨西哥,79,,174.9,,3.5,10.1,12.9,,,,,,,,,,,,,,,,,,,,,,,,,,,567.6,,,,,,,,
463,0006EAALWE2H0099,(6吋)黃金玉米,24,,35.1,,2.7,2,1.8,,,,,,,,,,,,,,,,,,,,,,,,,,,91.9,,,,,,,,
464,0006EAALWE2H0100,(9吋)照燒四喜,37,,62.3,,4,4.3,3.2,,,,,,,,,,,,,,,,,,,,,,,,,,,275.9,,,,,,,,
465,0006EAALWE2H0101,(12吋)照燒四喜,48,,80.6,,4.6,5.6,4.3,,,,,,,,,,,,,,,,,,,,,,,,,,,327,,,,,,,,
466,0006EAALWE2H0102,(6吋)照燒海鮮,25,,51.8,,3,2.5,3.3,,,,,,,,,,,,,,,,,,,,,,,,,,,185.1,,,,,,,,
467,0006EAALWE2H0103,(9吋)照燒海鮮,35,,77.9,,3.5,3.9,5.3,,,,,,,,,,,,,,,,,,,,,,,,,,,249.8,,,,,,,,
468,0006EAALWE2H0104,(12吋)照燒海鮮,48,,107.8,,4.1,5.6,7.6,,,,,,,,,,,,,,,,,,,,,,,,,,,313.4,,,,,,,,
469,0006EAALWE2H0105,(16吋)照燒海鮮,81,,183.1,,5.9,10.2,13,,,,,,,,,,,,,,,,,,,,,,,,,,,511.7,,,,,,,,
470,0006EAALWE2H0106,(16吋)經典美式三重肉,53,,143.3,,1,9.4,10.8,,,,,,,,,,,,,,,,,,,,,,,,,,,370.3,,,,,,,,
471,0006EAALWE2H0107,(副食)義大利麵-切達香腸丁,360,,575.8,,86.6,22.6,20.3,,,,,,,,,,,,,,,,,,,,,,,,,,,1279.4,,,,,,,,
472,0006EAALWE2H0108,(副食)義大利麵-地中海燻雞野菇,400,,397.7,,50.6,13.3,24.4,,,,,,,,,,,,,,,,,,,,,,,,,,,876.5,,,,,,,,
473,0006EAALWE2H0109,(副食)義大利麵-西西里海鮮總匯,394,,384.2,,50.9,11.2,23.2,,,,,,,,,,,,,,,,,,,,,,,,,,,854.5,,,,,,,,
474,0006EAALWE2H0110,(副食)義大利麵-香茅酸甜海鮮,394,,405.1,,102,17.6,7.9,,,,,,,,,,,,,,,,,,,,,,,,,,,793.6,,,,,,,,
475,0006EAALWE2H0111,(副食)義大利麵-媽媽咪呀鮮蔬,345,,381.7,,47.2,11.8,16.5,,,,,,,,,,,,,,,,,,,,,,,,,,,518.2,,,,,,,,
476,0006EAALWE2H0112,(副食)義大利麵-義式霸丸(4顆),400,,611.7,,89,25,24,,,,,,,,,,,,,,,,,,,,,,,,,,,1412.4,,,,,,,,
477,0006EAALWE2H0113,(副食)義式焗烤霸丸,310,,595.6,,18.5,29.2,54.2,,,,,,,,,,,,,,,,,,,,,,,,,,,2025,,,,,,,,
478,0006EAALWE2H0114,(6吋)義式霸丸,31,,83.3,,1.6,4.1,7.6,,,,,,,,,,,,,,,,,,,,,,,,,,,199.2,,,,,,,,
479,0006EAALWE2H0115,(9吋)義式霸丸,49,,131.4,,2.7,6.4,12,,,,,,,,,,,,,,,,,,,,,,,,,,,287.8,,,,,,,,
480,0006EAALWE2H0116,(12吋)義式霸丸,67,,159,,3.8,8,14.4,,,,,,,,,,,,,,,,,,,,,,,,,,,396.2,,,,,,,,
481,0006EAALWE2H0117,(6吋)道地美國,17,,39.8,,0.8,2.5,2.9,,,,,,,,,,,,,,,,,,,,,,,,,,,120.6,,,,,,,,
482,0006EAALWE2H0118,(9吋)道地美國,27,,63.9,,1.2,4,4.6,,,,,,,,,,,,,,,,,,,,,,,,,,,194.1,,,,,,,,
483,0006EAALWE2H0119,(12吋)道地美國,36,,86,,1.7,5.4,6.2,,,,,,,,,,,,,,,,,,,,,,,,,,,261.3,,,,,,,,
484,0006EAALWE2H0120,(16吋)道地美國,57,,150.8,,1.9,9.8,11.2,,,,,,,,,,,,,,,,,,,,,,,,,,,422.2,,,,,,,,
485,0006EAALWE2H0121,(6吋)壽喜燒牛柳,28,,47.7,,3.8,2.8,2.4,,,,,,,,,,,,,,,,,,,,,,,,,,,239.1,,,,,,,,
486,0006EAALWE2H0122,(9吋)壽喜燒牛柳,46,,72.8,,5.1,4.6,3.9,,,,,,,,,,,,,,,,,,,,,,,,,,,354,,,,,,,,
487,0006EAALWE2H0123,(12吋)壽喜燒牛柳,61,,96.9,,6.3,6.2,5.3,,,,,,,,,,,,,,,,,,,,,,,,,,,434.2,,,,,,,,
488,0006EAALWE2H0124,(16吋)壽喜燒牛柳,102,,162.5,,5.7,11.2,10.4,,,,,,,,,,,,,,,,,,,,,,,,,,,540.3,,,,,,,,
489,0006EAALWE2H0125,(副食)蜜汁烤雞翅,260,,567,,7.5,47,38.7,,,,,,,,,,,,,,,,,,,,,,,,,,,2124,,,,,,,,
490,0006EAALWE2H0126,(6吋)蜜汁章魚燒,29,,46.5,,1.5,2.7,3.3,,,,,,,,,,,,,,,,,,,,,,,,,,,184.5,,,,,,,,
491,0006EAALWE2H0127,(9吋)蜜汁章魚燒,42,,73.7,,2.1,4.4,5.3,,,,,,,,,,,,,,,,,,,,,,,,,,,275.3,,,,,,,,
492,0006EAALWE2H0128,(12吋)蜜汁章魚燒,56,,103.4,,2.3,5.9,7.7,,,,,,,,,,,,,,,,,,,,,,,,,,,355.5,,,,,,,,
493,0006EAALWE2H0129,(16吋)蜜汁章魚燒,90,,175.7,,4,10.3,13.1,,,,,,,,,,,,,,,,,,,,,,,,,,,396.2,,,,,,,,
494,0006EAALWE2H0130,(9吋)豪華四喜,35,,74.2,,2.9,6,7.2,,,,,,,,,,,,,,,,,,,,,,,,,,,166.8,,,,,,,,
495,0006EAALWE2H0131,(12吋)豪華四喜,46,,99,,3.9,8,9.6,,,,,,,,,,,,,,,,,,,,,,,,,,,219.8,,,,,,,,
496,0006EAALWE2H0132,(副食)辣味轟炸雞腿,95,,197,,3.2,16.8,13,,,,,,,,,,,,,,,,,,,,,,,,,,,380,,,,,,,,
497,0006EAALWE2H0133,(副食)酸辣烤雞翅,280,,548,,3.8,46,38.7,,,,,,,,,,,,,,,,,,,,,,,,,,,2246,,,,,,,,
498,0006EAALWE2H0134,(9吋)骰子雞塊,50,,96.8,,4.5,5.8,6.8,,,,,,,,,,,,,,,,,,,,,,,,,,,232.4,,,,,,,,
499,0006EAALWE2H0135,(12吋)骰子雞塊,71,,185.8,,8.6,11.2,13.2,,,,,,,,,,,,,,,,,,,,,,,,,,,440.2,,,,,,,,
500,0006EAALWE2H0136,(6吋)龍蝦舞沙拉,21,,49.6,,1.1,2.8,3.7,,,,,,,,,,,,,,,,,,,,,,,,,,,90.9,,,,,,,,
501,0006EAALWE2H0137,(9吋)龍蝦舞沙拉,37,,90.6,,2.2,5,6.8,,,,,,,,,,,,,,,,,,,,,,,,,,,161.9,,,,,,,,
502,0006EAALWE2H0138,(12吋)龍蝦舞沙拉,51,,119.2,,2.8,6.6,9,,,,,,,,,,,,,,,,,,,,,,,,,,,214.8,,,,,,,,
503,0006EAALWE2H0139,(16吋)龍蝦舞沙拉,84,,211.3,,4.6,12,15.9,,,,,,,,,,,,,,,,,,,,,,,,,,,386.9,,,,,,,,
504,0006EAALWE2H0140,(9吋)龍蝦霸丸,56,,108.2,,4.3,5.4,8.7,,,,,,,,,,,,,,,,,,,,,,,,,,,240.4,,,,,,,,
505,0006EAALWE2H0141,(12吋)龍蝦霸丸,70,,175.8,,7,9.8,13.6,,,,,,,,,,,,,,,,,,,,,,,,,,,401.4,,,,,,,,
506,0006EAALWE2H0142,(6吋)總匯,24,,41.3,,1.2,2.9,3.5,,,,,,,,,,,,,,,,,,,,,,,,,,,163.4,,,,,,,,
507,0006EAALWE2H0143,(9吋)鮮蝦夏威夷,38,,53.8,,3.7,3.6,2.8,,,,,,,,,,,,,,,,,,,,,,,,,,,161.6,,,,,,,,
508,0006EAALWE2H0144,(12吋)鮮蝦夏威夷,52,,73.8,,4.9,4.4,3.8,,,,,,,,,,,,,,,,,,,,,,,,,,,195.4,,,,,,,,
509,0006EAALWE2H0145,(16吋)燻雞總匯,69,,134.7,,3.4,9.8,9,,,,,,,,,,,,,,,,,,,,,,,,,,,324.8,,,,,,,,
510,0006EAALWE2H0146,(副食)轟炸雞條,240,,488,,19.6,42.3,26.8,,,,,,,,,,,,,,,,,,,,,,,,,,,730,,,,,,,,
511,0006EAALWE2H0147,(副食)鱈魚星星,180,,367.5,,28.4,18.5,39.2,,,,,,,,,,,,,,,,,,,,,,,,,,,837,,,,,,,,
512,0010ACAAXE0A0001,漢堡,,,336.2,,33.2,15.2,15.9,,,,,,,,6.7,,,0.6,,,,,,,,,,,,,,,,626.4,,,,,,,,
513,0010ACAAXE2H0002,吉士漢堡,,,378.7,,33.7,17.7,19.3,,,,,,,,7.4,,,0.6,,,,,,,,,,,,,,,,833.8,,,,,,,,
514,0010ACAAXEAH0003,摩斯漢堡,212,65,433.9,,38,17.8,23.5,,,,,,,,8,,,0.7,,,,,,,,,,,,,,,,834.1,,,,,,,,
515,0010ACAAXEAH0004,摩斯吉士漢堡,,70,476.9,,38.4,20.4,27.1,,,,,,,,8.6,,,0.7,,,,,,,,,,,,,,,,1048.5,,,,,,,,
516,0010ACAAXEAK0005,辣味摩斯漢堡,,,421.9,,37.1,17.3,22.8,,,,,,,,7.7,,,0.6,,,,,,,,,,,,,,,,886.2,,,,,,,,
517,0010ACAAXEAK0006,辣味摩斯吉士漢堡,,,478.2,,38.7,20.4,27.1,,,,,,,,8.6,,,0.7,,,,,,,,,,,,,,,,1128.5,,,,,,,,
518,0010ACAAXE2H0007,摩斯鱈魚漢堡,158,70,508,,39.6,20.5,28.7,,,,,,,,2.3,,,0,,,,,,,,,,,,,,,,608,,,,,,,,
519,0010ACAAXE2H0008,蜜汁烤雞堡,163,65,366,,41,24.6,10.9,,,,,,,,0.1,,,0,,,,,,,,,,,,,,,,635.6,,,,,,,,
520,0010ACAAXE2H0009,黃金炸蝦堡,163.9,75,390,,41.2,16.4,17.7,,,,,,,,1.8,,,0,,,,,,,,,,,,,,,,650,,,,,,,,
521,0010ACAAXEAH0010,摘鮮綠黃金炸蝦堡,153,70,250,,17.5,11.1,15.3,,,,,,,,1.8,,,0,,,,,,,,,,,,,,,,474,,,,,,,,
522,0010ACAAXEAH0011,厚切培根和牛堡,249,100,744.4,,36.6,27.8,53.9,,,,,,,,9.6,,,1.5,,,,,,,,,,,,,,,,855.1,,,,,,,,
523,0010ACAAXE1F0012,燒肉珍珠堡,214,70,471.1,,52.4,13.1,22.9,,,,,,,,5.1,,,0,,,,,,,,,,,,,,,,388.9,,,,,,,,
524,0010ACAAXE1F0013,燒肉珍珠堡（米升級）,214,75,481.2,,55.4,12.4,23.2,,,,,,,,4.8,,,0,,,,,,,,,,,,,,,,412.4,,,,,,,,
525,0010ACAAXE1F0014,薑燒珍珠堡,205,65,346,,65.1,14.4,2.3,,,,,,,,0.1,,,0,,,,,,,,,,,,,,,,580.7,,,,,,,,
526,0010ACAAXE1F0015,薑燒珍珠堡（米升級）,205,70,346,,65.1,14.4,2.3,,,,,,,,0.1,,,0,,,,,,,,,,,,,,,,580.7,,,,,,,,
527,0010ACAAXE1F0016,海洋珍珠堡,222,75,516,,76.9,12.9,17,,,,,,,,1.8,,,0,,,,,,,,,,,,,,,,847.3,,,,,,,,
528,0010ACAAXE1F0017,海洋珍珠堡（米升級）,222,80,519,,77.3,13.2,17,,,,,,,,1.8,,,0,,,,,,,,,,,,,,,,861.1,,,,,,,,
529,0010ACAAXE2H0018,杏鮑菇珍珠堡,195,70,284.2,,56.9,7.3,2.9,,,,,,,,0.7,,,0,,,,,,,,,,,,,,,,408.3,,,,,,,,
530,0010ACAAXE2H0019,杏鮑菇珍珠堡（米升級）,195,75,334.4,,67.9,7.6,3.6,,,,,,,,0.5,,,0,,,,,,,,,,,,,,,,570.5,,,,,,,,
531,0010ACAAXE1F0020,元氣和牛珍珠堡,317,105,722.7,,60,24.3,42.6,,,,,,,,7.3,,,1.5,,,,,,,,,,,,,,,,510.9,,,,,,,,
532,0010ACAAXE1F0021,元氣和牛珍珠堡（米升級）,317,110,722.7,,60,24.3,42.6,,,,,,,,7.3,,,1.5,,,,,,,,,,,,,,,,510.9,,,,,,,,
533,0010ACAAXEAH0022,摩斯熱狗堡,139,55,278.4,,31.1,12.7,11.6,,,,,,,,3.1,,,0,,,,,,,,,,,,,,,,712.6,,,,,,,,
534,0010ACAAXEAK0023,辣味吉利熱狗堡,158,70,287.4,,31,13.3,12.3,,,,,,,,3.3,,,0,,,,,,,,,,,,,,,,835.1,,,,,,,,
535,0010ACAFkE2H0024,黃金塔塔鱈魚堡,164,70,361.8,,41.2,18.5,13.7,,,,,,,,1.4,,,0,,,,,,,,,,,,,,,,460.9,,,,,,,,
536,0010ACAFkE2H0025,元氣牛肉蛋堡,148,65,471.5,,32.2,22.8,27.8,,,,,,,,9.9,,,0.7,,,,,,,,,,,,,,,,722.9,,,,,,,,
537,0010ACAFkE2H0026,培根雞蛋堡,157,45,413,,56.2,17.7,23.8,,,,,,,,2.9,,,0,,,,,,,,,,,,,,,,344.5,,,,,,,,
538,0010ACAFkE2H0027,火腿歐姆蛋堡,152,45,282,,28.9,15.1,11.6,,,,,,,,2.7,,,0,,,,,,,,,,,,,,,,462.7,,,,,,,,
539,0010ACAFkEAH0028,蕃茄吉士蛋堡,152,45,286,,29.9,15.2,11.7,,,,,,,,2.7,,,0,,,,,,,,,,,,,,,,464.5,,,,,,,,
540,0010ACAFkE2H0029,火腿蛋三明治,200,40,423,,39.3,17.4,22.1,,,,,,,,3,,,0,,,,,,,,,,,,,,,,520.7,,,,,,,,
541,0010ACAFkE2H0030,日式豬排三明治,143,40,303,,43.5,13,9.7,,,,,,,,1.5,,,0,,,,,,,,,,,,,,,,569.2,,,,,,,,
542,0010ACAFkE2H0031,雞肉三明治,166,40,355,,41.4,17.2,14.5,,,,,,,,1.1,,,0,,,,,,,,,,,,,,,,609.1,,,,,,,,
543,0010ACAFkE2H0032,香米蝦三明治,154,40,373,,45.3,11.3,16.2,,,,,,,,3,,,0,,,,,,,,,,,,,,,,594.5,,,,,,,,
544,0010ACAAXE2H0033,薯條（S）,90,35,267,,26.4,2.4,12.8,,,,,,,,3,,,0,,,,,,,,,,,,,,,,36,,,,,,,,
545,0010ACAAXE2H0034,薯條（L）,150,45,446,,44,4,21.4,,,,,,,,5,,,0,,,,,,,,,,,,,,,,60,,,,,,,,
546,0010ACAAXE2H0035,法蘭克熱狗,60,35,158,,6.5,9.5,10.4,,,,,,,,0.6,,,0,,,,,,,,,,,,,,,,531.7,,,,,,,,
547,0010ACAAXE2H0036,摩斯雞塊,100,55,431,,10,19.2,34.8,,,,,,,,5.2,,,0,,,,,,,,,,,,,,,,499.8,,,,,,,,
548,0010ACAAXE2H0037,和風炸雞,160,65,472,,15,19.5,36,,,,,,,,3.2,,,0,,,,,,,,,,,,,,,,168.8,,,,,,,,
549,0010ACAAXE2H0038,北海道可樂餅,70,35,176,,18,2.4,9.5,,,,,,,,0,,,0,,,,,,,,,,,,,,,,235.9,,,,,,,,
550,0010ACAAXE2H0039,北海道芝麻地瓜可樂餅,88,45,224.6,,31.7,3,9.7,,,,,,,,2.7,,,1.4,,,,,,,,,,,,,,,,169,,,,,,,,
551,0010ACAAXE2H0040,和風雞腿塊,132,65,275.8,,12,18,17.3,,,,,,,,6.3,,,0,,,,,,,,,,,,,,,,640.8,,,,,,,,
552,0010ACAAXEAH0041,雞肉總匯沙拉,150,55,134,,6,10.7,7.4,,,,,,,,0,,,0,,,,,,,,,,,,,,,,293.8,,,,,,,,
553,0010ACAAXEAH0042,新夏威夷鮮蔬沙拉,105,40,97,,11.2,2.8,4.6,,,,,,,,0,,,0,,,,,,,,,,,,,,,,277.8,,,,,,,,
554,0010ACAAXE2H0043,雞腿塊薯條組,,55,362.9,,31.1,9,22.5,,,,,,,,6.6,,,0,,,,,,,,,,,,,,,,249.6,,,,,,,,
555,0010ACAAXE2H0044,方塊薯餅（3個）,89,35,110.4,,5,0.6,9.6,,,,,,,,2.3,,,0,,,,,,,,,,,,,,,,100.7,,,,,,,,
556,0010ACAAXE1F0045,帶骨香腸,75,50,209,,2.2,13.3,16.4,,,,,,,,6.8,,,0,,,,,,,,,,,,,,,,524,,,,,,,,
557,0010ACAAXE1C0046,抹茶紅豆千層派,60,40,195.9,,25.5,2.3,9.5,,,,,,,,3.6,,,0,,,,,,,,,,,,,,,,77.9,,,,,,,,
558,0010ACAAXE2H0047,玉米濃湯,180,40,78,,11.2,1.4,3,,,,,,,,0.3,,,0,,,,,,,,,,,,,,,,471,,,,,,,,
559,0010ACAAXE2H0048,鮮菇濃湯,249,40,79,,10.8,1.7,3.3,,,,,,,,0.1,,,0,,,,,,,,,,,,,,,,807.5,,,,,,,,
560,0010ACAAXJ1C0049,可樂（L）,590,35,248,,64.9,0,0,,,,A,,,,0,,,0,,,,,,,,,,,,,,,,12,,,,,,,,
561,0010ACAAXJ1C0050,雪碧（L）,590,35,271,,64.9,0,0,,,,,,,,0,,,0,,,,,,,,,,,,,,,,53.1,,,,,,,,
562,0010ACAAXJ0A0051,冰紅茶（M）,425,35,89,,22.2,0,0,,,,A,,,,0,,,0,,,,,,,,,,,,,,,,0,,,,,,,,
563,0010ACAAXJ0A0052,冰紅茶（L）,590,40,109,,27.3,0,0,,,,B,,,,0,,,0,,,,,,,,,,,,,,,,0,,,,,,,,
564,0010ACAAXJ2A0053,新鮮柳丁汁,320,60,157,,32,1.6,0.3,,,,,,,,0,,,0,,,,,,,,,,,,,,,,36.8,,,,,,,,
565,0010ACAAXJ0A0054,摩斯純淨天然水300ml,300,16,0,,0,0,0,,,,,,,,0,,,0,,,,,,,,,,,,,,,,1.8,,,,,,,,
566,0010ACAAXJ0A0055,摩斯純淨天然水550ml,550,20,0,,0,0,0,,,,,,,,0,,,0,,,,,,,,,,,,,,,,3.2,,,,,,,,
567,0010ACAAXJ1C0056,摩斯鮮乳,250,35,166,,12.3,8.3,9.3,,,,,,,,6.3,,,0,,,,,,,,,,,,,,,,113,,,,,,,,
568,0010ACAAXJ2A0057,摩斯柑橘綜合果汁,200,35,93.8,,22,1,0.2,,,,,,,,0,,,0,,,,,,,,,,,,,,,,6,,,,,,,,
569,0010ACAAXJ2H0058,摩斯蘋果汁,,35,102,,2.4,0.6,0.4,,,,,,,,0,,,0,,,,,,,,,,,,,,,,6,,,,,,,,
570,0010ACAAXE2H0059,熱紅茶,220,35,0,,0,0,0,,,,A,,,,0,,,0,,,,,,,,,,,,,,,,0.1,,,,,,,,
571,0010ACAAXE2H0060,熱可可,220,35,136.1,,31,1.2,0.8,,,,A,,,,0.3,,,0,,,,,,,,,,,,,,,,76,,,,,,,,
572,0010ACAAXE2H0061,玄米煎茶,220,40,0,,2.1,0.7,0,,,,A,,,,0,,,0,,,,,,,,,,,,,,,,0,,,,,,,,
573,0010ACAAXE2H0062,柚子熱茶,340,50,120,,30,0,0,,,,A,,,,0,,,0,,,,,,,,,,,,,,,,0.1,,,,,,,,
574,0010ACAAXE2H0063,蘋果熱茶,340,50,94.4,,16.4,2.3,2.1,,,,A,,,,1.4,,,0,,,,,,,,,,,,,,,,19,,,,,,,,
575,0010ACAAXE2H0064,冰咖啡（M）,425,35,84.6,,21.1,0,0,,,,C,,,,0,,,0,,,,,,,,,,,,,,,,0.1,,,,,,,,
576,0010ACAAXE2H0065,冰咖啡（L）,590,40,96.7,,24.1,0,0,,,,C,,,,0,,,0,,,,,,,,,,,,,,,,0,,,,,,,,
577,0010ACAAXE2H0066,冰摩斯咖啡（12oz）,340,45,63.1,,9.6,2.3,1.7,,,,B,,,,0.2,,,0,,,,,,,,,,,,,,,,0.4,,,,,,,,
578,0010ACAAXE2H0067,冰拿鐵咖啡（12oz）,340,65,179.7,,16.9,8.3,8.8,,,,B,,,,0.3,,,0,,,,,,,,,,,,,,,,184,,,,,,,,
579,0010ACAAXE2H0068,熱咖啡（8oz）,220,35,0.3,,0,0,0,,,,A,,,,0,,,0,,,,,,,,,,,,,,,,0.1,,,,,,,,
580,0010ACAAXE2H0069,熱摩斯咖啡（12oz）,340,45,54.4,,8.3,2,1.5,,,,B,,,,0.2,,,0,,,,,,,,,,,,,,,,0.3,,,,,,,,
581,0010ACAAXE2H0070,熱拿鐵咖啡（12oz）,340,65,173.4,,15.3,8.1,8.8,,,,B,,,,0.3,,,0,,,,,,,,,,,,,,,,194.1,,,,,,,,
582,0010ACAAXE2H0071,熱卡布奇諾（12oz）,340,65,175.4,,16.2,8.1,8.7,,,,B,,,,0.3,,,0,,,,,,,,,,,,,,,,183.9,,,,,,,,
583,0010ACAAXE2H0072,熱摩斯奶茶（12oz）,340,60,153.1,,11.2,8.4,8.3,,,,A,,,,4.9,,,0,,,,,,,,,,,,,,,,127.4,,,,,,,,
584,0010ACAAXE2H0073,熱摩卡奇諾（12oz）,340,70,251.2,,33,8.8,9.3,,,,B,,,,0.5,,,0,,,,,,,,,,,,,,,,237.5,,,,,,,,
585,0010ACAAXE2H0074,熱抹茶卡布奇諾（12oz）,340,70,256.8,,30.8,10.4,10.2,,,,B,,,,1.2,,,0,,,,,,,,,,,,,,,,212.1,,,,,,,,
586,0010ACAAXJ2H0075,葡萄蒟蒻,190,40,103,,25.8,0,0,,,,,,,,0,,,0,,,,,,,,,,,,,,,,30,,,,,,,,
587,0010ACAAXJ2H0076,蜂蜜檸檬蒟蒻,190,40,97,,24.3,0,0,,,,,,,,0,,,0,,,,,,,,,,,,,,,,44,,,,,,,,
588,0010ACAAXJ2H0077,抹茶慕斯,65,70,94,,16.4,2.3,2.1,,,,,,,,1.4,,,0,,,,,,,,,,,,,,,,19,,,,,,,,
589,0010ACAAXJ2H0078,黑巧克力米酥,,,51.9,,7.7,0.9,1,,,,,,,,1,,,0,,,,,,,,,,,,,,,,15,,,,,,,,
590,0010ACAAXJ2H0079,白巧克力米酥,,,55.3,,7.3,0.5,2.5,,,,,,,,2.4,,,0,,,,,,,,,,,,,,,,14,,,,,,,,
591,0010ACAAXJ2H0080,摩斯提拉米蘇,65,70,185,,15.1,2.7,12.7,,,,,,,,6.8,,,0.2,,,,,,,,,,,,,,,,15,,,,,,,,
592,0010ACAAXE2H0081,香筍蜜汁烤雞堡,,,331,,38.1,22.4,9.8,,,,,,,,1,,,0,,,,,,,,,,,,,,,,485.3,,,,,,,,
593,0010ACAAXE2H0082,炙燒烤雞珍珠堡,,,335.7,,56.8,21.8,2.2,,,,,,,,0.3,,,0,,,,,,,,,,,,,,,,904.5,,,,,,,,
594,0010ACAAXE2H0083,咕咕雞堡,,,341.4,,40.3,16.2,12.8,,,,,,,,2.7,,,0,,,,,,,,,,,,,,,,674.3,,,,,,,,
595,0010ACAAXE2H0084,韓式辣味噌珍珠堡（牛肉）,,,524.2,,60.4,14.2,24.8,,,,,,,,5.4,,,0,,,,,,,,,,,,,,,,583.1,,,,,,,,
596,0010ACAAXE2H0085,韓式辣味噌珍珠堡（豚肉）,,,380.6,,64.8,19.2,4.6,,,,,,,,0.8,,,0,,,,,,,,,,,,,,,,678.3,,,,,,,,
597,0010ACAAXE2H0086,韓式辣味噌珍珠堡（牛肉米升級）,,,523,,62.1,13.2,24.5,,,,,,,,5,,,0,,,,,,,,,,,,,,,,598,,,,,,,,
598,0010ACAAXE2H0087,韓式辣味噌珍珠堡（豚肉米升級）,,,379.3,,66.5,18.2,4.3,,,,,,,,0.4,,,0,,,,,,,,,,,,,,,,692.3,,,,,,,,
599,0010ACAFkE2H0088,蜜汁牛肉堡,197,65,538.1,,42.3,19.8,32.2,,,,,,,,9.6,,,0.7,,,,,,,,,,,,,,,,1208.9,,,,,,,,
600,0010ACAAXE2H0089,多蜜和牛珍珠堡,,,487.7,,59.9,14.6,21,,,,,,,,8.1,,,0.9,,,,,,,,,,,,,,,,567.2,,,,,,,,
601,0010ACAAXE2H0090,多蜜和牛珍珠堡（米升級）,,,522.6,,69.6,14.4,20.8,,,,,,,,7.8,,,0.9,,,,,,,,,,,,,,,,585.5,,,,,,,,
602,0010ACAAXE2H0091,福氣鱈魚塊,,,135.5,,11.2,6.6,7.1,,,,,,,,1.9,,,0,,,,,,,,,,,,,,,,211.8,,,,,,,,
603,0010ACAAXE2H0092,蝴蝶蝦方塊薯組,95.7,60,154.2,,7.4,5.9,10.9,,,,,,,,2.4,,,0,,,,,,,,,,,,,,,,158,,,,,,,,
604,0010ACAAXJ2H0093,金桔蒟蒻,40,40,118.6,,29.6,0,0,,,,,,,,0,,,0,,,,,,,,,,,,,,,,36,,,,,,,,
605,0010ACAAXJ2H0094,精品咖啡-西達摩,,,50.9,,9.1,2,0.7,,,,B,,,,0.2,,,0,,,,,,,,,,,,,,,,0,,,,,,,,
606,0010ACAAXJ2H0095,台灣煎茶,,,0,,0,0,0,,,,A,,,,0,,,0,,,,,,,,,,,,,,,,0,,,,,,,,
607,0010ACAAXJ2H0096,冰抹茶拿鐵咖啡,328.5,70,233.3,,28.6,8.8,9.3,,,,B,,,,6.1,,,0,,,,,,,,,,,,,,,,119.9,,,,,,,,
608,0010ACAAXJ2H0097,冰紅茶歐蕾咖啡,215.5,70,158.8,,21.6,5.2,6.1,,,,B,,,,4.1,,,0,,,,,,,,,,,,,,,,74,,,,,,,,
609,0010ACAAXE2H0098,熱紅茶歐蕾咖啡,222.5,70,164.7,,22,5.5,6.5,,,,B,,,,4.3,,,0,,,,,,,,,,,,,,,,78.8,,,,,,,,
610,0010ACAAXJ2H0099,蜜桃冰茶,,,136.2,,34,0,0,,,,A,,,,0,,,0,,,,,,,,,,,,,,,,18.6,,,,,,,,
611,0010ACAAXJ2H0100,蜜桃氣泡飲,,,161.7,,40.6,0.1,0,,,,,,,,0,,,0,,,,,,,,,,,,,,,,35.5,,,,,,,,
612,0010ACAAXJ2H0101,摩斯米布丁,,,185,,16,3.6,8.3,,,,,,,,8.1,,,0.2,,,,,,,,,,,,,,,,125,,,,,,,,
613,0010ACAAXJ2H0102,綜合莓優酪氣泡飲,450,60,149.8,,36.1,0.8,0.2,,,,,,,,0,,,0,,,,,,,,,,,,,,,,38.6,,,,,,,,
614,0010ACAAXJ2H0103,百香果優酪氣泡飲,450,60,145.8,,35.7,0.6,0,,,,,,,,0,,,0,,,,,,,,,,,,,,,,37.2,,,,,,,,
615,0010ACAAXJ2H0104,綜合莓檸檬蒟蒻冰茶,440,60,171.9,,41.7,0.5,0.4,,,,,,,,0,,,0,,,,,,,,,,,,,,,,32.6,,,,,,,,
616,0010ACAAXJ2H0105,百香果檸檬蒟蒻冰茶,440,60,166,,41.1,0.3,0.1,,,,,,,,0,,,0,,,,,,,,,,,,,,,,30.5,,,,,,,,
617,0010ACAAXJ2H0106,日本果汁雪酪-蘋果,84,45,63,,15.7,0,0,,,,,,,,0,,,0,,,,,,,,,,,,,,,,12.8,,,,,,,,
618,0010ACAAXJ2H0107,日本果汁雪酪-葡萄,84,45,62,,15.2,0,0,,,,,,,,0,,,0,,,,,,,,,,,,,,,,0,,,,,,,,
619,0010ACAAXJ2H0108,日本果汁雪酪-桃子,84,45,59,,14.5,0.5,0,,,,,,,,0,,,0,,,,,,,,,,,,,,,,0,,,,,,,,
620,0019AAJKVH2H0001,里肌豬排堡,,,,,,,,,,,,,,,,,,,,,,,,,,,,,,,,,,,,,,,,,,
621,0019AAJKVH2H0002,經典招牌堡,,,,,,,,,,,,,,,,,,,,,,,,,,,,,,,,,,,,,,,,,,
622,0019AAJKVH2H0003,韓式豬肉堡,,,,,,,,,,,,,,,,,,,,,,,,,,,,,,,,,,,,,,,,,,
623,0019AAJKVH2H0004,蔥爆豬柳,,,340.8,,,,,,,,,,,,,,,,,,,,,,,,,,,,,,,,,,,,,,,
624,0019AAJKVH2H0005,藍莓乳酪貝果,,,266.4,,,,,,,,,,,,,,,,,,,,,,,,,,,,,,,,,,,,,,,
625,0019AAJKVH2H0006,火腿貝果,,,333.2,,,,,,,,,,,,,,,,,,,,,,,,,,,,,,,,,,,,,,,
626,0019AAJKVH2H0007,蘋果核桃貝果,,,394.1,,,,,,,,,,,,,,,,,,,,,,,,,,,,,,,,,,,,,,,
627,0019AAJKVH2H0008,培根貝果,,,385.3,,,,,,,,,,,,,,,,,,,,,,,,,,,,,,,,,,,,,,,
628,0019AAJKVH2H0009,薯泥可頌,,,311.6,,,,,,,,,,,,,,,,,,,,,,,,,,,,,,,,,,,,,,,
629,0019AAJKVH2H0010,洋蔥鮪魚可頌,,,404.3,,,,,,,,,,,,,,,,,,,,,,,,,,,,,,,,,,,,,,,
630,0019AAJKVH2H0011,燻雞可頌,,,273.9,,,,,,,,,,,,,,,,,,,,,,,,,,,,,,,,,,,,,,,
631,0019AAJKVH2H0012,蔥爆豬柳可頌,,,299.5,,,,,,,,,,,,,,,,,,,,,,,,,,,,,,,,,,,,,,,
632,0019AAJKVH2H0013,蛋沙拉佛卡夏,,,331.2,,,,,,,,,,,,,,,,,,,,,,,,,,,,,,,,,,,,,,,
633,0019AAJKVH2H0014,藍莓乳酪佛卡夏,,,216.4,,,,,,,,,,,,,,,,,,,,,,,,,,,,,,,,,,,,,,,
634,0019AAJKVH2H0015,薯泥佛卡夏,,,439.2,,,,,,,,,,,,,,,,,,,,,,,,,,,,,,,,,,,,,,,
635,0019AAJKVH2H0016,培根佛卡夏,,,417.4,,,,,,,,,,,,,,,,,,,,,,,,,,,,,,,,,,,,,,,
636,0019AAJKVH2H0017,里肌豬排佛卡夏,,,403.8,,,,,,,,,,,,,,,,,,,,,,,,,,,,,,,,,,,,,,,
637,0019AAJKVH2H0018,龍蝦沙拉軟法,,,276.3,,,,,,,,,,,,,,,,,,,,,,,,,,,,,,,,,,,,,,,
638,0019AAJKVH2H0019,藍莓乳酪軟法,,,192.6,,,,,,,,,,,,,,,,,,,,,,,,,,,,,,,,,,,,,,,
639,0019AAJKVH2H0020,薯泥培根軟法,,,470.7,,,,,,,,,,,,,,,,,,,,,,,,,,,,,,,,,,,,,,,
640,0019AAJKVH2H0021,黃金蝦餅軟法,,,404.6,,,,,,,,,,,,,,,,,,,,,,,,,,,,,,,,,,,,,,,
641,0019AAJKVH2H0022,紐奧良辣雞軟法,,,339.5,,,,,,,,,,,,,,,,,,,,,,,,,,,,,,,,,,,,,,,
642,0019AAJKVH2H0023,蘋果核桃燒餅,,,481,,,,,,,,,,,,,,,,,,,,,,,,,,,,,,,,,,,,,,,
643,0019AAJKVH2H0024,薯泥燒餅,,,456,,,,,,,,,,,,,,,,,,,,,,,,,,,,,,,,,,,,,,,
644,0019AAJKVH2H0025,鮮蛋燒餅,,,379.4,,,,,,,,,,,,,,,,,,,,,,,,,,,,,,,,,,,,,,,
645,0019AAJKVH2H0026,起士蛋燒餅,,,387,,,,,,,,,,,,,,,,,,,,,,,,,,,,,,,,,,,,,,,
646,0019AAJKVH2H0027,培根蛋燒餅,,,471.7,,,,,,,,,,,,,,,,,,,,,,,,,,,,,,,,,,,,,,,
647,0019AAJKVH2H0028,培根蛋丹麥土司,,,546.5,,,,,,,,,,,,,,,,,,,,,,,,,,,,,,,,,,,,,,,
648,0019AAJKVH2H0029,薯泥蛋丹麥土司,,,590.4,,,,,,,,,,,,,,,,,,,,,,,,,,,,,,,,,,,,,,,
649,0019AAJKVH2H0030,起士蛋丹麥土司,,,466.2,,,,,,,,,,,,,,,,,,,,,,,,,,,,,,,,,,,,,,,
650,0019AAJKVH2H0031,洋蔥鮪魚蛋丹麥土司,,,637.1,,,,,,,,,,,,,,,,,,,,,,,,,,,,,,,,,,,,,,,
651,0019AAJKVH2H0032,燻雞蛋丹麥土司,,,502.2,,,,,,,,,,,,,,,,,,,,,,,,,,,,,,,,,,,,,,,
652,0019AAJKVH2H0033,火腿蛋丹麥土司,,,494.4,,,,,,,,,,,,,,,,,,,,,,,,,,,,,,,,,,,,,,,
653,0019AAJKVH2H0034,薯泥起司蛋餅,,,,,,,,,,,,,,,,,,,,,,,,,,,,,,,,,,,,,,,,,,
654,0019AAJKVH2H0035,雙層日式蛋餅,,,,,,,,,,,,,,,,,,,,,,,,,,,,,,,,,,,,,,,,,,
655,0019AAJKVH2H0036,港式蘿蔔糕,,,340,,,,,,,,,,,,,,,,,,,,,,,,,,,,,,,,,,,,,,,
656,0019AAJKVH2H0037,蔥抓餅,,,151.6,,,,,,,,,,,,,,,,,,,,,,,,,,,,,,,,,,,,,,,
657,0019AAJKVH2H0038,海鮮濃湯,,,134.3,,,,,,,,,,,,,,,,,,,,,,,,,,,,,,,,,,,,,,,
658,0019AAJKVH2H0039,兒童餐,,,776.3,,,,,,,,,,,,,,,,,,,,,,,,,,,,,,,,,,,,,,,
659,0019AAJKVH2H0040,奶茶,,,,,,,,,,,,,,,,,,,,,,,,,,,,,,,,,,,,,,,,,,
660,0019AAJKVH2H0041,拿鐵咖啡,,,,,,,,,,,,,,,,,,,,,,,,,,,,,,,,,,,,,,,,,,
661,0019AAJKVH2H0042,日式煎餃,,,,,,,,,,,,,,,,,,,,,,,,,,,,,,,,,,,,,,,,,,
662,0019AAJKVH2H0043,鍋燒讚岐烏龍麵,,,644.4,,,,,,,,,,,,,,,,,,,,,,,,,,,,,,,,,,,,,,,
663,0019AAJKVH2H0044,鐵板烏龍麵-三杯雞柳,,,,,,,,,,,,,,,,,,,,,,,,,,,,,,,,,,,,,,,,,,
664,0019AAJKVH2H0045,鐵板烏龍麵-蘑菇,,,,,,,,,,,,,,,,,,,,,,,,,,,,,,,,,,,,,,,,,,
665,0019AAJKVH2H0046,金黃嫩煎總匯餐,,,,,,,,,,,,,,,,,,,,,,,,,,,,,,,,,,,,,,,,,,
666,0019AAJKVH2H0047,達帕司風味餐,,,,,,,,,,,,,,,,,,,,,,,,,,,,,,,,,,,,,,,,,,
667,0019AAJKVH2H0048,南洋歐式風情,,,,,,,,,,,,,,,,,,,,,,,,,,,,,,,,,,,,,,,,,,
668,0019AAJKVH2H0049,樂活歐姆蔬食餐,,,,,,,,,,,,,,,,,,,,,,,,,,,,,,,,,,,,,,,,,,
669,0028AAJJWG1C0001,阿薩姆奶茶（L）,,30,483,152,,,,,,,,38,,,,,,,,,,,,,,,,,,,,,,,,,,,,,,
670,0028AAJJWG1C0002,珍珠奶茶（L）,,35,714,124,,,,,,,,31,,,,,,,,,,,,,,,,,,,,,,,,,,,,,,
671,0028AAJJWI1C0003,西谷米奶茶（L）,,35,609,124,,,,,,,,31,,,,,,,,,,,,,,,,,,,,,,,,,,,,,,
672,0028AAJJWG1C0004,布丁奶茶（L）,,35,567,124,,,,,,,,31,,,,,,,,,,,,,,,,,,,,,,,,,,,,,,
673,0028AAJJWG1C0005,仙草凍奶茶（L）,,35,525,108,,,,,,,,27,,,,,,,,,,,,,,,,,,,,,,,,,,,,,,
674,0028AAJJWG1C0006,奶茶三兄弟（L）,,40,567,76,,,,,,,,19,,,,,,,,,,,,,,,,,,,,,,,,,,,,,,
675,0028AAJJWG1C0007,芋頭奶茶（M）,,40,390,72,,,,,,,,,18,,,,,,,,,,,,,,,,,,,,,,,,,,,,,
676,0028AAJJWG1C0008,茉香奶茶（L）,,35,525,200,,,,,,,,,50,,,,,,,,,,,,,,,,,,,,,,,,,,,,,
677,0028AAJJWG1C0009,醇品紅茶（L）,,25,210,200,,,,,,,,,50,,,,,,,,,,,,,,,,,,,,,,,,,,,,,
678,0028AAJJWG1C0010,醇品綠茶（L）,,25,210,200,,,,,,,,,50,,,,,,,,,,,,,,,,,,,,,,,,,,,,,
679,0028AAJJWG1C0011,台灣包種茶（L）,,30,245,200,,,,,,,,,50,,,,,,,,,,,,,,,,,,,,,,,,,,,,,
680,0028AAJJWG1C0012,蕎麥包種茶（L）,,35,189,200,,,,,,,,,50,,,,,,,,,,,,,,,,,,,,,,,,,,,,,
681,0028AAJJWG1C0013,冬瓜包種茶（L）,,35,210,56,,,,,,,,,14,,,,,,,,,,,,,,,,,,,,,,,,,,,,,
682,0028AAJJWG1C0014,檸檬包種茶（L）,,40,210,392,,,,,,,,,98,,,,,,,,,,,,,,,,,,,,,,,,,,,,,
683,0028AAJJWG1C0015,南非國寶茶（L）,,25,168,200,,,,,,,,,50,,,,,,,,,,,,,,,,,,,,,,,,,,,,,
684,0028AAJJWI1C0016,冬瓜西谷米（L）,,35,350,,,,,,,,,,,,,,,,,,,,,,,,,,,,,,,,,,,,,,,
685,0028AAJJWI1C0017,檸檬冬瓜露（L）,,35,301,104,,,,,,,,,26,,,,,,,,,,,,,,,,,,,,,,,,,,,,,
686,0028AAJJWG1C0018,珍珠冬瓜露（L）,,,,,,,,,,,,,,,,,,,,,,,,,,,,,,,,,,,,,,,,,,
687,0028AAJJWG1C0019,仙草冬瓜露（L）,,,,,,,,,,,,,,,,,,,,,,,,,,,,,,,,,,,,,,,,,,
688,0028AAJJWI1C0020,綠茶養樂多（L）,,50,336,200,,,,,,,,,50,,,,,,,,,,,,,,,,,,,,,,,,,,,,,
689,0028AAJJWI1C0021,檸檬養樂多（L）,,50,441,344,,,,,,,,,86,,,,,,,,,,,,,,,,,,,,,,,,,,,,,
690,0028AAJJWI1C0022,芒果養樂多（L）,,50,371,152,,,,,,,,,38,,,,,,,,,,,,,,,,,,,,,,,,,,,,,
691,0028AAJJWG1C0023,純釀冬瓜露（L）,,30,252,,,,,,,,,,,,,,,,,,,,,,,,,,,,,,,,,,,,,,,
692,0028AAJJWG1C0024,蕎麥冬瓜露（L）,,35,224,56,,,,,,,,,14,,,,,,,,,,,,,,,,,,,,,,,,,,,,,
693,0028AAJJWG1C0025,玫瑰鹽奶蓋紅茶（L）,,35,280,200,,,,,,,,,50,,,,,,,,,,,,,,,,,,,,,,,,,,,,,
694,0028AAJJWG1C0026,玫瑰鹽奶蓋綠茶（L）,,35,280,200,,,,,,,,,50,,,,,,,,,,,,,,,,,,,,,,,,,,,,,
695,0028AAJJWI1C0027,草莓奶蓋（L）,,45,420,40,,,,,,,,,10,,,,,,,,,,,,,,,,,,,,,,,,,,,,,
696,0028AAJJWG1C0028,紅茶拿鐵（M）,,40,245,136,,,,,,,,,34,,,,,,,,,,,,,,,,,,,,,,,,,,,,,
697,0028AAJJWG1C0029,珍珠紅茶拿鐵（L）,,50,609,136,,,,,,,,,34,,,,,,,,,,,,,,,,,,,,,,,,,,,,,
698,0028AAJJWG1C0030,冬瓜拿鐵（M）,,45,385,,,,,,,,,,,,,,,,,,,,,,,,,,,,,,,,,,,,,,,
699,0028AAJJWG1C0031,芋頭牛奶（M）,,55,410,40,,,,,,,,,10,,,,,,,,,,,,,,,,,,,,,,,,,,,,,
700,0028AAJJWI1C0032,草莓歐蕾（M）,,55,330,40,,,,,,,,,10,,,,,,,,,,,,,,,,,,,,,,,,,,,,,
701,0028AAJJWG1C0033,招牌咖啡（L）,,35,490,20,,,,,,,,,5,,,,,,,,,,,,,,,,,,,,,,,,,,,,,
702,0028AAJJWG1C0034,巧克力奶茶（L）,,35,427,200,,,,,,,,,50,,,,,,,,,,,,,,,,,,,,,,,,,,,,,
703,0028AAJJWG1C0035,巧克力珍珠奶茶（L）,,40,602,200,,,,,,,,,50,,,,,,,,,,,,,,,,,,,,,,,,,,,,,
704,0028AAJJWG1C0036,南非國寶拿鐵（M）,,45,320,136,,,,,,,,,34,,,,,,,,,,,,,,,,,,,,,,,,,,,,,
705,0028AAJJWI1C0037,芋頭牛奶西谷米（M）,,55,500,56,,,,,,,,,14,,,,,,,,,,,,,,,,,,,,,,,,,,,,,
706,0028AAJJWJ1C0038,綠豆沙（M）,,35,415,,,,,,,,,,,,,,,,,,,,,,,,,,,,,,,,,,,,,,,
707,0028AAJJWJ1C0039,綠豆沙（L）,,40,581,,,,,,,,,,,,,,,,,,,,,,,,,,,,,,,,,,,,,,,
708,0028AAJJWJ1C0040,綠豆沙牛奶（L）,,50,469,,,,,,,,,,,,,,,,,,,,,,,,,,,,,,,,,,,,,,,
709,0028AAJJWJ1C0041,芒果冰沙（M）,,35,350,,,,,,,,,,,,,,,,,,,,,,,,,,,,,,,,,,,,,,,
710,0028AAJJWJ1C0042,芒果冰沙（L）,,40,490,,,,,,,,,,,,,,,,,,,,,,,,,,,,,,,,,,,,,,,
711,0028AAJJWJ1C0043,草莓冰沙（M）,,40,350,,,,,,,,,,,,,,,,,,,,,,,,,,,,,,,,,,,,,,,
712,0028AAJJWJ1C0044,草莓冰沙（L）,,45,490,,,,,,,,,,,,,,,,,,,,,,,,,,,,,,,,,,,,,,,
713,0028AAJJWJ1C0045,芒果歐蕾（L）,,55,413,,,,,,,,,,,,,,,,,,,,,,,,,,,,,,,,,,,,,,,
714,0028AAJJWI1C0046,草莓果茶（M）,,40,230,40,,,,,,,,,10,,,,,,,,,,,,,,,,,,,,,,,,,,,,,
715,0028AAJJWI1C0047,百香綠茶（L）,,30,301,296,,,,,,,,,74,,,,,,,,,,,,,,,,,,,,,,,,,,,,,
716,0028AAJJWI1C0048,鮮檸檬紅茶（L）,,35,245,392,,,,,,,,,98,,,,,,,,,,,,,,,,,,,,,,,,,,,,,
717,0028AAJJWI1C0049,鮮檸檬綠茶（L）,,35,245,392,,,,,,,,,98,,,,,,,,,,,,,,,,,,,,,,,,,,,,,
718,0028AAJJWG1C0050,鮮檸檬汁（L）,,,,344,,,,,,,,,86,,,,,,,,,,,,,,,,,,,,,,,,,,,,,
719,0028AAJJWG1C0051,南非國寶檸檬茶（L）,,35,315,392,,,,,,,,,98,,,,,,,,,,,,,,,,,,,,,,,,,,,,,
720,0028AAJJWG1C0052,金桔檸檬（L）,,45,273,200,,,,,,,,,50,,,,,,,,,,,,,,,,,,,,,,,,,,,,,
721,0028AAJJWI1C0053,百香雙響炮（L）,,40,525,248,,,,,,,,,62,,,,,,,,,,,,,,,,,,,,,,,,,,,,,
722,0028AAJJWI1C0054,芒果綠茶（L）,,35,301,200,,,,,,,,,50,,,,,,,,,,,,,,,,,,,,,,,,,,,,,
723,0028AAJJWI1C0055,芒果金桔西谷米（L）,,40,413,200,,,,,,,,,50,,,,,,,,,,,,,,,,,,,,,,,,,,,,,
724,0028AAJJWI1C0056,檸檬霸（L）,,55,427,368,,,,,,,,,92,,,,,,,,,,,,,,,,,,,,,,,,,,,,,
725,0028AAJJWG1C0057,鮮榨蘋果百香（L）,,50,273,200,,,,,,,,,50,,,,,,,,,,,,,,,,,,,,,,,,,,,,,
726,0028AAJJWI1C0058,鮮榨蘋果養樂多（L）,,60,357,200,,,,,,,,,50,,,,,,,,,,,,,,,,,,,,,,,,,,,,,
727,0028AAJJWI1C0059,鮮葡萄柚冰茶（L）,,60,392,296,,,,,,,,,74,,,,,,,,,,,,,,,,,,,,,,,,,,,,,
728,0028AAJJWI1C0060,鮮香橙冰茶（L）,,60,420,296,,,,,,,,,74,,,,,,,,,,,,,,,,,,,,,,,,,,,,,
729,0028AAJJWI1C0061,鮮橙柚冰茶（L）,,60,399,296,,,,,,,,,74,,,,,,,,,,,,,,,,,,,,,,,,,,,,,
730,0031AAJKVG0001,招牌奶茶（M）,,,332,209,,,,,,,,,,,,,,,,,,,,,,,,,,,,,,,,,,,,,,
731,0031AAJKVG0002,招牌奶茶（L）,,,415,261,,,,,,,,,,,,,,,,,,,,,,,,,,,,,,,,,,,,,,
732,0031AAJKVG0003,黃金奶綠（M）,,,332,209,,,,,,,,,,,,,,,,,,,,,,,,,,,,,,,,,,,,,,
733,0031AAJKVG0004,黃金奶綠（L）,,,415,261,,,,,,,,,,,,,,,,,,,,,,,,,,,,,,,,,,,,,,
734,0031AAJKVG0005,迷你珍珠奶茶（M）,,,391,299,,,,,,,,,,,,,,,,,,,,,,,,,,,,,,,,,,,,,,
735,0031AAJKVG0006,迷你珍珠奶茶（L）,,,504,381,,,,,,,,,,,,,,,,,,,,,,,,,,,,,,,,,,,,,,
736,0031AAJKVG0007,珍珠奶茶（M）,,,391,299,,,,,,,,,,,,,,,,,,,,,,,,,,,,,,,,,,,,,,
737,0031AAJKVG0008,珍珠奶茶（L）,,,504,381,,,,,,,,,,,,,,,,,,,,,,,,,,,,,,,,,,,,,,
738,0031AAJKVG0009,鬥陣奶茶（M）,,,391,299,,,,,,,,,,,,,,,,,,,,,,,,,,,,,,,,,,,,,,
739,0031AAJKVG0010,鬥陣奶茶（L）,,,504,381,,,,,,,,,,,,,,,,,,,,,,,,,,,,,,,,,,,,,,
740,0031AAJKVG0011,仙草凍奶茶（L）,,,335,242,,,,,,,,,,,,,,,,,,,,,,,,,,,,,,,,,,,,,,
741,0031AAJKVG0012,椰果奶茶（M）,,,414,291,,,,,,,,,,,,,,,,,,,,,,,,,,,,,,,,,,,,,,
742,0031AAJKVG0013,椰果奶茶（L）,,,517,343,,,,,,,,,,,,,,,,,,,,,,,,,,,,,,,,,,,,,,
743,0031AAJKVG0014,波麗士奶茶（M）,,,391,299,,,,,,,,,,,,,,,,,,,,,,,,,,,,,,,,,,,,,,
744,0031AAJKVG0015,波麗士奶茶（L）,,,504,381,,,,,,,,,,,,,,,,,,,,,,,,,,,,,,,,,,,,,,
745,0031AAJKVG0016,咖啡凍奶茶（M）,,,398,272,,,,,,,,,,,,,,,,,,,,,,,,,,,,,,,,,,,,,,
746,0031AAJKVG0017,咖啡凍奶茶（L）,,,493,339,,,,,,,,,,,,,,,,,,,,,,,,,,,,,,,,,,,,,,
747,0031AAJKVG0018,布丁奶茶（M）,,,370,277,,,,,,,,,,,,,,,,,,,,,,,,,,,,,,,,,,,,,,
748,0031AAJKVG0019,布丁奶茶（L）,,,444,321,,,,,,,,,,,,,,,,,,,,,,,,,,,,,,,,,,,,,,
749,0031AAJKVG0020,直火烏龍奶茶（M）,,,332,209,,,,,,,,,,,,,,,,,,,,,,,,,,,,,,,,,,,,,,
750,0031AAJKVG0021,直火烏龍奶茶（L）,,,415,261,,,,,,,,,,,,,,,,,,,,,,,,,,,,,,,,,,,,,,
751,0031AAJKVG0022,檸檬紅茶（M）,,,206,6,,,,,,,,,,,,,,,,,,,,,,,,,,,,,,,,,,,,,,
752,0031AAJKVG0023,檸檬紅茶（L）,,,256,9,,,,,,,,,,,,,,,,,,,,,,,,,,,,,,,,,,,,,,
753,0031AAJKVG0024,檸檬綠茶（M）,,,206,6,,,,,,,,,,,,,,,,,,,,,,,,,,,,,,,,,,,,,,
754,0031AAJKVG0025,檸檬綠茶（L）,,,256,9,,,,,,,,,,,,,,,,,,,,,,,,,,,,,,,,,,,,,,
755,0031AAJKVG0026,鮮檸檬原汁（M）,,,213,12,,,,,,,,,,,,,,,,,,,,,,,,,,,,,,,,,,,,,,
756,0031AAJKVG0027,鮮檸檬原汁（L）,,,265,19,,,,,,,,,,,,,,,,,,,,,,,,,,,,,,,,,,,,,,
757,0031AAJKVG0028,蜂蜜檸檬（M）,,,210,,,,,,,,,,,,,,,,,,,,,,,,,,,,,,,,,,,,,,,
758,0031AAJKVG0029,蜂蜜檸檬（L）,,,282,,,,,,,,,,,,,,,,,,,,,,,,,,,,,,,,,,,,,,,
759,0031AAJKVG0030,檸檬愛玉（M）,,,187,94,,,,,,,,,,,,,,,,,,,,,,,,,,,,,,,,,,,,,,
760,0031AAJKVG0031,檸檬愛玉（L）,,,221,98,,,,,,,,,,,,,,,,,,,,,,,,,,,,,,,,,,,,,,
761,0031AAJKVG0032,話梅檸檬（M）,,,114,21,,,,,,,,,,,,,,,,,,,,,,,,,,,,,,,,,,,,,,
762,0031AAJKVG0033,話梅檸檬（L）,,,155,32,,,,,,,,,,,,,,,,,,,,,,,,,,,,,,,,,,,,,,
763,0031AAJKVG0034,元氣黃金梅茶（M）,,,239,146,,,,,,,,,,,,,,,,,,,,,,,,,,,,,,,,,,,,,,
764,0031AAJKVG0035,元氣黃金梅茶（L）,,,321,198,,,,,,,,,,,,,,,,,,,,,,,,,,,,,,,,,,,,,,
765,0031AAJKVG0036,金桔檸檬（M）,,,272,25,,,,,,,,,,,,,,,,,,,,,,,,,,,,,,,,,,,,,,
766,0031AAJKVG0037,金桔檸檬（L）,,,338,30,,,,,,,,,,,,,,,,,,,,,,,,,,,,,,,,,,,,,,
767,0031AAJKVG0038,梅子桔茶（M）,,,234,34,,,,,,,,,,,,,,,,,,,,,,,,,,,,,,,,,,,,,,
768,0031AAJKVG0039,梅子桔茶（L）,,,290,44,,,,,,,,,,,,,,,,,,,,,,,,,,,,,,,,,,,,,,
769,0031AAJKVG0040,葡萄柚綠茶（M）,,,183,91,,,,,,,,,,,,,,,,,,,,,,,,,,,,,,,,,,,,,,
770,0031AAJKVG0041,葡萄柚綠茶（L）,,,244,121,,,,,,,,,,,,,,,,,,,,,,,,,,,,,,,,,,,,,,
771,0031AAJKVG0042,鮮葡萄柚原汁（M）,,,183,91,,,,,,,,,,,,,,,,,,,,,,,,,,,,,,,,,,,,,,
772,0031AAJKVG0043,鮮葡萄柚原汁（L）,,,244,121,,,,,,,,,,,,,,,,,,,,,,,,,,,,,,,,,,,,,,
773,0031AAJKVG0044,青檸香柚QQ（M）,,,262,155,,,,,,,,,,,,,,,,,,,,,,,,,,,,,,,,,,,,,,
774,0031AAJKVG0045,青檸香柚QQ（L）,,,340,217,,,,,,,,,,,,,,,,,,,,,,,,,,,,,,,,,,,,,,
775,0031AAJKVG0046,海神（L）,,,184,0,,,,,,,,,,,,,,,,,,,,,,,,,,,,,,,,,,,,,,
776,0031AAJKVG0047,四季菁茶（L）,,,154,0,,,,,,,,,,,,,,,,,,,,,,,,,,,,,,,,,,,,,,
777,0031AAJKVG0048,凍頂烏龍（L）,,,154,0,,,,,,,,,,,,,,,,,,,,,,,,,,,,,,,,,,,,,,
778,0031AAJKVG0049,金萱茶（L）,,,154,0,,,,,,,,,,,,,,,,,,,,,,,,,,,,,,,,,,,,,,
779,0031AAJKVG0050,烏龍綠茶（L）,,,184,0,,,,,,,,,,,,,,,,,,,,,,,,,,,,,,,,,,,,,,
780,0031AAJKVG0051,櫻花烏龍（L）,,,154,0,,,,,,,,,,,,,,,,,,,,,,,,,,,,,,,,,,,,,,
781,0031AAJKVG0052,玫瑰普洱茶（L）,,,154,0,,,,,,,,,,,,,,,,,,,,,,,,,,,,,,,,,,,,,,
782,0031AAJKVG0053,斯里蘭卡烏瓦紅茶（L）,,,184,0,,,,,,,,,,,,,,,,,,,,,,,,,,,,,,,,,,,,,,
783,0031AAJKVG0054,安徽祁門紅茶（L）,,,184,0,,,,,,,,,,,,,,,,,,,,,,,,,,,,,,,,,,,,,,
784,0031AAJKVG0055,英格蘭尊爵紅茶（L）,,,184,0,,,,,,,,,,,,,,,,,,,,,,,,,,,,,,,,,,,,,,
785,0031AAJKVG0056,絕代雙Q奶茶（M）,,,391,299,,,,,,,,,,,,,,,,,,,,,,,,,,,,,,,,,,,,,,
786,0031AAJKVG0057,絕代雙Q奶茶（L）,,,504,381,,,,,,,,,,,,,,,,,,,,,,,,,,,,,,,,,,,,,,
787,0031AAJKVG0058,白桃蜜烏龍（L）,,,258,12,,,,,,,,,,,,,,,,,,,,,,,,,,,,,,,,,,,,,,
788,0031AAJKVG0059,荔枝玉露（M）,,,299,206,,,,,,,,,,,,,,,,,,,,,,,,,,,,,,,,,,,,,,
789,0031AAJKVG0060,荔枝玉露（L）,,,396,273,,,,,,,,,,,,,,,,,,,,,,,,,,,,,,,,,,,,,,
790,0031AAJKVG0061,百香搖果樂（M）,,,295,203,,,,,,,,,,,,,,,,,,,,,,,,,,,,,,,,,,,,,,
791,0031AAJKVG0062,百香搖果樂（L）,,,395,272,,,,,,,,,,,,,,,,,,,,,,,,,,,,,,,,,,,,,,
792,0031AAJKVG0063,紅茶拿鐵（M）,,,216,62,,,,,,,,,,,,,,,,,,,,,,,,,,,,,,,,,,,,,,
793,0031AAJKVG0064,紅茶拿鐵（L）,,,265,80,,,,,,,,,,,,,,,,,,,,,,,,,,,,,,,,,,,,,,
794,0031AAJKVG0065,紫米奶茶（M）,,,412,319,,,,,,,,,,,,,,,,,,,,,,,,,,,,,,,,,,,,,,
795,0031AAJKVG0066,紫米奶茶（L）,,,520,397,,,,,,,,,,,,,,,,,,,,,,,,,,,,,,,,,,,,,,
796,0031AAJKVG0067,黑糖薑汁可可（M）,,,389,,,,,,,,,,,,,,,,,,,,,,,,,,,,,,,,,,,,,,,
797,0031AAJKVG0068,黑糖薑汁可可（L）,,,463,,,,,,,,,,,,,,,,,,,,,,,,,,,,,,,,,,,,,,,
798,0031AAJKVG0069,蘋果冰茶（L）,,,291,167,,,,,,,,,,,,,,,,,,,,,,,,,,,,,,,,,,,,,,
799,0031AAJKVG0070,斯里蘭卡烏瓦紅茶（M）,,,154,0,,,,,,,,,,,,,,,,,,,,,,,,,,,,,,,,,,,,,,
800,0031AAJKVG0071,斯里蘭卡烏瓦紅茶（L）,,,184,0,,,,,,,,,,,,,,,,,,,,,,,,,,,,,,,,,,,,,,
801,0031AAJKVG0072,文山包種（L）,,,154,0,,,,,,,,,,,,,,,,,,,,,,,,,,,,,,,,,,,,,,
802,0031AAJKVG0073,暖薑茶（L）,,,168,,,,,,,,,,,,,,,,,,,,,,,,,,,,,,,,,,,,,,,
803,0031AAJKVG0074,暖薑奶茶（L）,,,324,,,,,,,,,,,,,,,,,,,,,,,,,,,,,,,,,,,,,,,
804,0031AAJKVG0075,桂圓紅棗（M）,,,131,,,,,,,,,,,,,,,,,,,,,,,,,,,,,,,,,,,,,,,
805,0031AAJKVG0076,桂圓紅棗（L）,,,157,,,,,,,,,,,,,,,,,,,,,,,,,,,,,,,,,,,,,,,
806,0031AAJKVG0077,紫米可可（M）,,,455,331,,,,,,,,,,,,,,,,,,,,,,,,,,,,,,,,,,,,,,
807,0031AAJKVG0078,紫米可可（L）,,,585,431,,,,,,,,,,,,,,,,,,,,,,,,,,,,,,,,,,,,,,
808,0031AAJKVG0079,梅子蕃茄蜜（M）,,,93,47,,,,,,,,,,,,,,,,,,,,,,,,,,,,,,,,,,,,,,
809,0031AAJKVG0080,烏龍拿鐵（M）,,,234,80,,,,,,,,,,,,,,,,,,,,,,,,,,,,,,,,,,,,,,
810,0031AAJKVG0081,烏龍拿鐵（L）,,,284,99,,,,,,,,,,,,,,,,,,,,,,,,,,,,,,,,,,,,,,
811,0031AAJKVG0082,祁門拿鐵（M）,,,216,62,,,,,,,,,,,,,,,,,,,,,,,,,,,,,,,,,,,,,,
812,0031AAJKVG0083,祁門拿鐵（L）,,,265,80,,,,,,,,,,,,,,,,,,,,,,,,,,,,,,,,,,,,,,
813,0031AAJKVG0084,仙草凍拿鐵（M）,,,237,191,,,,,,,,,,,,,,,,,,,,,,,,,,,,,,,,,,,,,,
814,0031AAJKVG0085,仙草凍拿鐵（L）,,,315,253,,,,,,,,,,,,,,,,,,,,,,,,,,,,,,,,,,,,,,
815,0031AAJKVG0086,經典可可（M）,,,375,221,,,,,,,,,,,,,,,,,,,,,,,,,,,,,,,,,,,,,,
816,0031AAJKVG0087,經典可可（L）,,,480,295,,,,,,,,,,,,,,,,,,,,,,,,,,,,,,,,,,,,,,
817,0031AAJKVG0088,焦糖可可（M）,,,351,258,,,,,,,,,,,,,,,,,,,,,,,,,,,,,,,,,,,,,,
818,0031AAJKVG0089,焦糖可可（L）,,,468,345,,,,,,,,,,,,,,,,,,,,,,,,,,,,,,,,,,,,,,
819,0031AAJKVG0090,香草可可（M）,,,351,258,,,,,,,,,,,,,,,,,,,,,,,,,,,,,,,,,,,,,,
820,0031AAJKVG0091,香草可可（L）,,,468,345,,,,,,,,,,,,,,,,,,,,,,,,,,,,,,,,,,,,,,
821,0031AAJKVG0092,榛果可可（M）,,,351,258,,,,,,,,,,,,,,,,,,,,,,,,,,,,,,,,,,,,,,
822,0031AAJKVG0093,榛果可可（L）,,,468,345,,,,,,,,,,,,,,,,,,,,,,,,,,,,,,,,,,,,,,
823,0031AAJKVG0094,北海道可可（M）,,,351,258,,,,,,,,,,,,,,,,,,,,,,,,,,,,,,,,,,,,,,
824,0031AAJKVG0095,北海道可可（L）,,,468,345,,,,,,,,,,,,,,,,,,,,,,,,,,,,,,,,,,,,,,
825,0031AAJKVG0096,冰淇淋紅茶（L）,,,342,187,,,,,,,,,,,,,,,,,,,,,,,,,,,,,,,,,,,,,,
826,0031AAJKVG0097,冰淇淋綠茶（L）,,,279,187,,,,,,,,,,,,,,,,,,,,,,,,,,,,,,,,,,,,,,
827,0031AAJKVG0098,冰淇淋巧克力（L）,,,574,420,,,,,,,,,,,,,,,,,,,,,,,,,,,,,,,,,,,,,,
828,0031AAJKVG0099,草莓歐蕾（M）,,,243,150,,,,,,,,,,,,,,,,,,,,,,,,,,,,,,,,,,,,,,
829,0031AAJKVG0100,草莓歐蕾（L）,,,307,184,,,,,,,,,,,,,,,,,,,,,,,,,,,,,,,,,,,,,,
830,0031AAJKVG0101,典藏紅茶（M）,,,154,0,,,,,,,,,,,,,,,,,,,,,,,,,,,,,,,,,,,,,,
831,0031AAJKVG0102,典藏紅茶（L）,,,184,0,,,,,,,,,,,,,,,,,,,,,,,,,,,,,,,,,,,,,,
832,0031AAJKVG0103,黃金綠茶（M）,,,92,0,,,,,,,,,,,,,,,,,,,,,,,,,,,,,,,,,,,,,,
833,0031AAJKVG0104,黃金綠茶（L）,,,123,0,,,,,,,,,,,,,,,,,,,,,,,,,,,,,,,,,,,,,,
834,0031AAJKVG0105,話梅綠茶（M）,,,55,8,,,,,,,,,,,,,,,,,,,,,,,,,,,,,,,,,,,,,,
835,0031AAJKVG0106,話梅綠茶（L）,,,74,13,,,,,,,,,,,,,,,,,,,,,,,,,,,,,,,,,,,,,,
836,0031AAJKVG0107,蜂蜜蘆薈（M）,,,250,,,,,,,,,,,,,,,,,,,,,,,,,,,,,,,,,,,,,,,
837,0031AAJKVG0108,蜂蜜蘆薈（L）,,,350,,,,,,,,,,,,,,,,,,,,,,,,,,,,,,,,,,,,,,,
838,0031AAJKVG0109,蜂蜜紅茶（M）,,,206,6,,,,,,,,,,,,,,,,,,,,,,,,,,,,,,,,,,,,,,
839,0031AAJKVG0110,蜂蜜紅茶（L）,,,256,9,,,,,,,,,,,,,,,,,,,,,,,,,,,,,,,,,,,,,,
840,0031AAJKVG0111,蜂蜜綠茶（M）,,,206,6,,,,,,,,,,,,,,,,,,,,,,,,,,,,,,,,,,,,,,
841,0031AAJKVG0112,蜂蜜綠茶（L）,,,256,9,,,,,,,,,,,,,,,,,,,,,,,,,,,,,,,,,,,,,,
842,0031AAJKVG0113,百香紅茶（M）,,,240,86,,,,,,,,,,,,,,,,,,,,,,,,,,,,,,,,,,,,,,
843,0031AAJKVG0114,百香紅茶（L）,,,299,114,,,,,,,,,,,,,,,,,,,,,,,,,,,,,,,,,,,,,,
844,0031AAJKVG0115,百香綠茶（M）,,,240,86,,,,,,,,,,,,,,,,,,,,,,,,,,,,,,,,,,,,,,
845,0031AAJKVG0116,百香綠茶（L）,,,299,114,,,,,,,,,,,,,,,,,,,,,,,,,,,,,,,,,,,,,,
846,0031AAJKVG0117,養樂多綠茶（M）,,,200,108,,,,,,,,,,,,,,,,,,,,,,,,,,,,,,,,,,,,,,
847,0031AAJKVG0118,養樂多綠茶（L）,,,267,144,,,,,,,,,,,,,,,,,,,,,,,,,,,,,,,,,,,,,,
848,0031AAJKVG0119,七巧歐蕾（M）,,,413,290,,,,,,,,,,,,,,,,,,,,,,,,,,,,,,,,,,,,,,
849,0031AAJKVG0120,七巧歐蕾（L）,,,518,364,,,,,,,,,,,,,,,,,,,,,,,,,,,,,,,,,,,,,,
850,0031AAJKVG0121,纖美小紫蘇（M）,,,240,163,,,,,,,,,,,,,,,,,,,,,,,,,,,,,,,,,,,,,,
851,0031AAJKVG0122,纖美小紫蘇（L）,,,300,208,,,,,,,,,,,,,,,,,,,,,,,,,,,,,,,,,,,,,,
852,0031AAJKVG0123,葡萄可爾必思（M）,,,258,174,,,,,,,,,,,,,,,,,,,,,,,,,,,,,,,,,,,,,,
853,0031AAJKVG0124,葡萄可爾必思（L）,,,318,230,,,,,,,,,,,,,,,,,,,,,,,,,,,,,,,,,,,,,,
854,0031AAJKVG0125,特調咖啡（M）,,,266,211,,,,,,,,,,,,,,,,,,,,,,,,,,,,,,,,,,,,,,
855,0031AAJKVG0126,特調咖啡（L）,,,353,280,,,,,,,,,,,,,,,,,,,,,,,,,,,,,,,,,,,,,,
856,0031AAJKVG0127,焦糖咖啡（M）,,,258,211,,,,,,,,,,,,,,,,,,,,,,,,,,,,,,,,,,,,,,
857,0031AAJKVG0128,焦糖咖啡（L）,,,341,280,,,,,,,,,,,,,,,,,,,,,,,,,,,,,,,,,,,,,,
858,0031AAJKVG0129,香草咖啡（M）,,,258,211,,,,,,,,,,,,,,,,,,,,,,,,,,,,,,,,,,,,,,
859,0031AAJKVG0130,香草咖啡（L）,,,341,280,,,,,,,,,,,,,,,,,,,,,,,,,,,,,,,,,,,,,,
860,0031AAJKVG0131,榛果咖啡（M）,,,258,211,,,,,,,,,,,,,,,,,,,,,,,,,,,,,,,,,,,,,,
861,0031AAJKVG0132,榛果咖啡（L）,,,341,280,,,,,,,,,,,,,,,,,,,,,,,,,,,,,,,,,,,,,,
862,0031AAJKVG0133,北海道咖啡（M）,,,258,211,,,,,,,,,,,,,,,,,,,,,,,,,,,,,,,,,,,,,,
863,0031AAJKVG0134,北海道咖啡（L）,,,341,280,,,,,,,,,,,,,,,,,,,,,,,,,,,,,,,,,,,,,,